prop_ally,beta,prop_ally_top_k,prop_min_top_k
0.0,0.05,0.0,0.06
0.0,0.1,0.0,0.14
0.0,0.15,0.0,0.16666666666666666
0.0,0.2,0.0,0.165
0.0,0.25,0.0,0.172
0.0,0.3,0.0,0.18333333333333332
0.0,0.35,0.0,0.2
0.0,0.4,0.0,0.175
0.0,0.45,0.0,0.15555555555555556
0.0,0.5,0.0,0.14
0.0,0.55,0.0,0.12727272727272726
0.0,0.6,0.0,0.11666666666666667
0.0,0.65,0.0,0.1076923076923077
0.0,0.7,0.0,0.1
0.0,0.75,0.0,0.09333333333333334
0.0,0.8,0.0,0.0875
0.0,0.85,0.0,0.08235294117647059
0.0,0.9,0.0,0.1111111111111111
0.0,0.95,0.0,0.15789473684210525
0.0,1.0,0.0,0.2
0.0,0.05,0.0,0.14
0.0,0.1,0.0,0.17
0.0,0.15,0.0,0.15333333333333332
0.0,0.2,0.0,0.165
0.0,0.25,0.0,0.168
0.0,0.3,0.0,0.18666666666666668
0.0,0.35,0.0,0.18857142857142858
0.0,0.4,0.0,0.17
0.0,0.45,0.0,0.1511111111111111
0.0,0.5,0.0,0.136
0.0,0.55,0.0,0.12363636363636364
0.0,0.6,0.0,0.11333333333333333
0.0,0.65,0.0,0.10461538461538461
0.0,0.7,0.0,0.09714285714285714
0.0,0.75,0.0,0.09066666666666667
0.0,0.8,0.0,0.085
0.0,0.85,0.0,0.08
0.0,0.9,0.0,0.1111111111111111
0.0,0.95,0.0,0.15789473684210525
0.0,1.0,0.0,0.2
0.0,0.05,0.0,0.08
0.0,0.1,0.0,0.11
0.0,0.15,0.0,0.12
0.0,0.2,0.0,0.13
0.0,0.25,0.0,0.144
0.0,0.3,0.0,0.17
0.0,0.35,0.0,0.15428571428571428
0.0,0.4,0.0,0.14
0.0,0.45,0.0,0.12444444444444444
0.0,0.5,0.0,0.112
0.0,0.55,0.0,0.10181818181818182
0.0,0.6,0.0,0.09333333333333334
0.0,0.65,0.0,0.08615384615384615
0.0,0.7,0.0,0.08
0.0,0.75,0.0,0.07466666666666667
0.0,0.8,0.0,0.07
0.0,0.85,0.0,0.06588235294117648
0.0,0.9,0.0,0.1111111111111111
0.0,0.95,0.0,0.15789473684210525
0.0,1.0,0.0,0.2
0.0,0.05,0.0,0.14
0.0,0.1,0.0,0.17
0.0,0.15,0.0,0.15333333333333332
0.0,0.2,0.0,0.145
0.0,0.25,0.0,0.156
0.0,0.3,0.0,0.18333333333333332
0.0,0.35,0.0,0.18
0.0,0.4,0.0,0.165
0.0,0.45,0.0,0.14666666666666667
0.0,0.5,0.0,0.132
0.0,0.55,0.0,0.12
0.0,0.6,0.0,0.11
0.0,0.65,0.0,0.10153846153846154
0.0,0.7,0.0,0.09428571428571429
0.0,0.75,0.0,0.088
0.0,0.8,0.0,0.0825
0.0,0.85,0.0,0.07764705882352942
0.0,0.9,0.0,0.1111111111111111
0.0,0.95,0.0,0.15789473684210525
0.0,1.0,0.0,0.2
0.0,0.05,0.0,0.06
0.0,0.1,0.0,0.08
0.0,0.15,0.0,0.11333333333333333
0.0,0.2,0.0,0.135
0.0,0.25,0.0,0.144
0.0,0.3,0.0,0.16
0.0,0.35,0.0,0.15714285714285714
0.0,0.4,0.0,0.1375
0.0,0.45,0.0,0.12222222222222222
0.0,0.5,0.0,0.11
0.0,0.55,0.0,0.1
0.0,0.6,0.0,0.09166666666666666
0.0,0.65,0.0,0.08461538461538462
0.0,0.7,0.0,0.07857142857142857
0.0,0.75,0.0,0.07333333333333333
0.0,0.8,0.0,0.06875
0.0,0.85,0.0,0.06470588235294118
0.0,0.9,0.0,0.1111111111111111
0.0,0.95,0.0,0.15789473684210525
0.0,1.0,0.0,0.2
0.0,0.05,0.0,0.02
0.0,0.1,0.0,0.06
0.0,0.15,0.0,0.08
0.0,0.2,0.0,0.115
0.0,0.25,0.0,0.148
0.0,0.3,0.0,0.16666666666666666
0.0,0.35,0.0,0.1742857142857143
0.0,0.4,0.0,0.155
0.0,0.45,0.0,0.13777777777777778
0.0,0.5,0.0,0.124
0.0,0.55,0.0,0.11272727272727273
0.0,0.6,0.0,0.10333333333333333
0.0,0.65,0.0,0.09538461538461539
0.0,0.7,0.0,0.08857142857142856
0.0,0.75,0.0,0.08266666666666667
0.0,0.8,0.0,0.0775
0.0,0.85,0.0,0.07294117647058823
0.0,0.9,0.0,0.1111111111111111
0.0,0.95,0.0,0.15789473684210525
0.0,1.0,0.0,0.2
0.0,0.05,0.0,0.16
0.0,0.1,0.0,0.15
0.0,0.15,0.0,0.16
0.0,0.2,0.0,0.165
0.0,0.25,0.0,0.16
0.0,0.3,0.0,0.18666666666666668
0.0,0.35,0.0,0.20285714285714285
0.0,0.4,0.0,0.1775
0.0,0.45,0.0,0.15777777777777777
0.0,0.5,0.0,0.142
0.0,0.55,0.0,0.1290909090909091
0.0,0.6,0.0,0.11833333333333333
0.0,0.65,0.0,0.10923076923076923
0.0,0.7,0.0,0.10142857142857142
0.0,0.75,0.0,0.09466666666666666
0.0,0.8,0.0,0.08875
0.0,0.85,0.0,0.08352941176470588
0.0,0.9,0.0,0.1111111111111111
0.0,0.95,0.0,0.15789473684210525
0.0,1.0,0.0,0.2
0.0,0.05,0.0,0.16
0.0,0.1,0.0,0.2
0.0,0.15,0.0,0.14666666666666667
0.0,0.2,0.0,0.145
0.0,0.25,0.0,0.148
0.0,0.3,0.0,0.16
0.0,0.35,0.0,0.1657142857142857
0.0,0.4,0.0,0.165
0.0,0.45,0.0,0.14666666666666667
0.0,0.5,0.0,0.132
0.0,0.55,0.0,0.12
0.0,0.6,0.0,0.11
0.0,0.65,0.0,0.10153846153846154
0.0,0.7,0.0,0.09428571428571429
0.0,0.75,0.0,0.088
0.0,0.8,0.0,0.0825
0.0,0.85,0.0,0.07764705882352942
0.0,0.9,0.0,0.1111111111111111
0.0,0.95,0.0,0.15789473684210525
0.0,1.0,0.0,0.2
0.0,0.05,0.0,0.1
0.0,0.1,0.0,0.15
0.0,0.15,0.0,0.11333333333333333
0.0,0.2,0.0,0.13
0.0,0.25,0.0,0.156
0.0,0.3,0.0,0.17333333333333334
0.0,0.35,0.0,0.1742857142857143
0.0,0.4,0.0,0.1525
0.0,0.45,0.0,0.13555555555555557
0.0,0.5,0.0,0.122
0.0,0.55,0.0,0.11090909090909092
0.0,0.6,0.0,0.10166666666666667
0.0,0.65,0.0,0.09384615384615384
0.0,0.7,0.0,0.08714285714285715
0.0,0.75,0.0,0.08133333333333333
0.0,0.8,0.0,0.07625
0.0,0.85,0.0,0.07176470588235294
0.0,0.9,0.0,0.1111111111111111
0.0,0.95,0.0,0.15789473684210525
0.0,1.0,0.0,0.2
0.0,0.05,0.0,0.08
0.0,0.1,0.0,0.13
0.0,0.15,0.0,0.15333333333333332
0.0,0.2,0.0,0.19
0.0,0.25,0.0,0.212
0.0,0.3,0.0,0.22666666666666666
0.0,0.35,0.0,0.22857142857142856
0.0,0.4,0.0,0.205
0.0,0.45,0.0,0.18222222222222223
0.0,0.5,0.0,0.164
0.0,0.55,0.0,0.14909090909090908
0.0,0.6,0.0,0.13666666666666666
0.0,0.65,0.0,0.12615384615384614
0.0,0.7,0.0,0.11714285714285715
0.0,0.75,0.0,0.10933333333333334
0.0,0.8,0.0,0.1025
0.0,0.85,0.0,0.09647058823529411
0.0,0.9,0.0,0.1111111111111111
0.0,0.95,0.0,0.15789473684210525
0.0,1.0,0.0,0.2
0.03333333333333333,0.05,0.08,0.16
0.03333333333333333,0.1,0.05,0.19
0.03333333333333333,0.15,0.04666666666666667,0.17333333333333334
0.03333333333333333,0.2,0.035,0.175
0.03333333333333333,0.25,0.032,0.16
0.03333333333333333,0.3,0.03,0.17
0.03333333333333333,0.35,0.03428571428571429,0.17142857142857143
0.03333333333333333,0.4,0.03,0.15
0.03333333333333333,0.45,0.02666666666666667,0.13333333333333333
0.03333333333333333,0.5,0.024,0.12
0.03333333333333333,0.55,0.02181818181818182,0.10909090909090909
0.03333333333333333,0.6,0.02,0.1
0.03333333333333333,0.65,0.018461538461538463,0.09230769230769231
0.03333333333333333,0.7,0.017142857142857144,0.08571428571428572
0.03333333333333333,0.75,0.016,0.08
0.03333333333333333,0.8,0.015,0.075
0.03333333333333333,0.85,0.027058823529411764,0.07058823529411765
0.03333333333333333,0.9,0.03666666666666667,0.1111111111111111
0.03333333333333333,0.95,0.034736842105263156,0.15789473684210525
0.03333333333333333,1.0,0.033,0.2
0.03333333333333333,0.05,0.0,0.16
0.03333333333333333,0.1,0.01,0.13
0.03333333333333333,0.15,0.013333333333333334,0.13333333333333333
0.03333333333333333,0.2,0.02,0.15
0.03333333333333333,0.25,0.02,0.152
0.03333333333333333,0.3,0.02666666666666667,0.16333333333333333
0.03333333333333333,0.35,0.02857142857142857,0.18571428571428572
0.03333333333333333,0.4,0.025,0.1725
0.03333333333333333,0.45,0.022222222222222223,0.15333333333333332
0.03333333333333333,0.5,0.02,0.138
0.03333333333333333,0.55,0.01818181818181818,0.12545454545454546
0.03333333333333333,0.6,0.016666666666666666,0.115
0.03333333333333333,0.65,0.015384615384615385,0.10615384615384615
0.03333333333333333,0.7,0.014285714285714285,0.09857142857142857
0.03333333333333333,0.75,0.013333333333333334,0.092
0.03333333333333333,0.8,0.0125,0.08625
0.03333333333333333,0.85,0.01647058823529412,0.0811764705882353
0.03333333333333333,0.9,0.03666666666666667,0.1111111111111111
0.03333333333333333,0.95,0.034736842105263156,0.15789473684210525
0.03333333333333333,1.0,0.033,0.2
0.03333333333333333,0.05,0.04,0.12
0.03333333333333333,0.1,0.05,0.12
0.03333333333333333,0.15,0.05333333333333334,0.14
0.03333333333333333,0.2,0.045,0.155
0.03333333333333333,0.25,0.04,0.16
0.03333333333333333,0.3,0.03666666666666667,0.17
0.03333333333333333,0.35,0.03142857142857143,0.16285714285714287
0.03333333333333333,0.4,0.0325,0.15
0.03333333333333333,0.45,0.028888888888888888,0.13333333333333333
0.03333333333333333,0.5,0.026,0.12
0.03333333333333333,0.55,0.023636363636363636,0.10909090909090909
0.03333333333333333,0.6,0.021666666666666667,0.1
0.03333333333333333,0.65,0.02,0.09230769230769231
0.03333333333333333,0.7,0.018571428571428572,0.08571428571428572
0.03333333333333333,0.75,0.017333333333333333,0.08
0.03333333333333333,0.8,0.01625,0.075
0.03333333333333333,0.85,0.027058823529411764,0.07058823529411765
0.03333333333333333,0.9,0.03666666666666667,0.1111111111111111
0.03333333333333333,0.95,0.034736842105263156,0.15789473684210525
0.03333333333333333,1.0,0.033,0.2
0.03333333333333333,0.05,0.04,0.12
0.03333333333333333,0.1,0.02,0.18
0.03333333333333333,0.15,0.02,0.17333333333333334
0.03333333333333333,0.2,0.025,0.165
0.03333333333333333,0.25,0.028,0.148
0.03333333333333333,0.3,0.02666666666666667,0.17333333333333334
0.03333333333333333,0.35,0.03142857142857143,0.19142857142857142
0.03333333333333333,0.4,0.03,0.185
0.03333333333333333,0.45,0.02666666666666667,0.16444444444444445
0.03333333333333333,0.5,0.024,0.148
0.03333333333333333,0.55,0.02181818181818182,0.13454545454545455
0.03333333333333333,0.6,0.02,0.12333333333333334
0.03333333333333333,0.65,0.018461538461538463,0.11384615384615385
0.03333333333333333,0.7,0.017142857142857144,0.10571428571428572
0.03333333333333333,0.75,0.016,0.09866666666666667
0.03333333333333333,0.8,0.015,0.0925
0.03333333333333333,0.85,0.01411764705882353,0.08705882352941176
0.03333333333333333,0.9,0.03666666666666667,0.1111111111111111
0.03333333333333333,0.95,0.034736842105263156,0.15789473684210525
0.03333333333333333,1.0,0.033,0.2
0.03333333333333333,0.05,0.04,0.12
0.03333333333333333,0.1,0.05,0.12
0.03333333333333333,0.15,0.05333333333333334,0.11333333333333333
0.03333333333333333,0.2,0.045,0.12
0.03333333333333333,0.25,0.04,0.16
0.03333333333333333,0.3,0.04,0.16333333333333333
0.03333333333333333,0.35,0.04,0.16285714285714287
0.03333333333333333,0.4,0.0375,0.16
0.03333333333333333,0.45,0.03333333333333333,0.14222222222222222
0.03333333333333333,0.5,0.03,0.128
0.03333333333333333,0.55,0.02727272727272727,0.11636363636363636
0.03333333333333333,0.6,0.025,0.10666666666666667
0.03333333333333333,0.65,0.023076923076923078,0.09846153846153846
0.03333333333333333,0.7,0.02142857142857143,0.09142857142857143
0.03333333333333333,0.75,0.02,0.08533333333333333
0.03333333333333333,0.8,0.01875,0.08
0.03333333333333333,0.85,0.02235294117647059,0.07529411764705882
0.03333333333333333,0.9,0.03666666666666667,0.1111111111111111
0.03333333333333333,0.95,0.034736842105263156,0.15789473684210525
0.03333333333333333,1.0,0.033,0.2
0.03333333333333333,0.05,0.0,0.04
0.03333333333333333,0.1,0.01,0.07
0.03333333333333333,0.15,0.013333333333333334,0.1
0.03333333333333333,0.2,0.015,0.15
0.03333333333333333,0.25,0.028,0.148
0.03333333333333333,0.3,0.03,0.16333333333333333
0.03333333333333333,0.35,0.03428571428571429,0.18
0.03333333333333333,0.4,0.03,0.1575
0.03333333333333333,0.45,0.02666666666666667,0.14
0.03333333333333333,0.5,0.024,0.126
0.03333333333333333,0.55,0.02181818181818182,0.11454545454545455
0.03333333333333333,0.6,0.02,0.105
0.03333333333333333,0.65,0.018461538461538463,0.09692307692307692
0.03333333333333333,0.7,0.017142857142857144,0.09
0.03333333333333333,0.75,0.016,0.084
0.03333333333333333,0.8,0.015,0.07875
0.03333333333333333,0.85,0.023529411764705882,0.07411764705882352
0.03333333333333333,0.9,0.03666666666666667,0.1111111111111111
0.03333333333333333,0.95,0.034736842105263156,0.15789473684210525
0.03333333333333333,1.0,0.033,0.2
0.03333333333333333,0.05,0.06,0.06
0.03333333333333333,0.1,0.07,0.1
0.03333333333333333,0.15,0.05333333333333334,0.15333333333333332
0.03333333333333333,0.2,0.045,0.175
0.03333333333333333,0.25,0.036,0.212
0.03333333333333333,0.3,0.04,0.23
0.03333333333333333,0.35,0.037142857142857144,0.21142857142857144
0.03333333333333333,0.4,0.035,0.185
0.03333333333333333,0.45,0.03111111111111111,0.16444444444444445
0.03333333333333333,0.5,0.028,0.148
0.03333333333333333,0.55,0.025454545454545455,0.13454545454545455
0.03333333333333333,0.6,0.023333333333333334,0.12333333333333334
0.03333333333333333,0.65,0.021538461538461538,0.11384615384615385
0.03333333333333333,0.7,0.02,0.10571428571428572
0.03333333333333333,0.75,0.018666666666666668,0.09866666666666667
0.03333333333333333,0.8,0.0175,0.0925
0.03333333333333333,0.85,0.01647058823529412,0.08705882352941176
0.03333333333333333,0.9,0.03666666666666667,0.1111111111111111
0.03333333333333333,0.95,0.034736842105263156,0.15789473684210525
0.03333333333333333,1.0,0.033,0.2
0.03333333333333333,0.05,0.04,0.22
0.03333333333333333,0.1,0.04,0.21
0.03333333333333333,0.15,0.03333333333333333,0.21333333333333335
0.03333333333333333,0.2,0.03,0.195
0.03333333333333333,0.25,0.028,0.204
0.03333333333333333,0.3,0.02666666666666667,0.20666666666666667
0.03333333333333333,0.35,0.025714285714285714,0.21428571428571427
0.03333333333333333,0.4,0.0225,0.1975
0.03333333333333333,0.45,0.02,0.17555555555555555
0.03333333333333333,0.5,0.018,0.158
0.03333333333333333,0.55,0.016363636363636365,0.14363636363636365
0.03333333333333333,0.6,0.015,0.13166666666666665
0.03333333333333333,0.65,0.013846153846153847,0.12153846153846154
0.03333333333333333,0.7,0.012857142857142857,0.11285714285714285
0.03333333333333333,0.75,0.012,0.10533333333333333
0.03333333333333333,0.8,0.01125,0.09875
0.03333333333333333,0.85,0.010588235294117647,0.09294117647058824
0.03333333333333333,0.9,0.03666666666666667,0.1111111111111111
0.03333333333333333,0.95,0.034736842105263156,0.15789473684210525
0.03333333333333333,1.0,0.033,0.2
0.03333333333333333,0.05,0.02,0.14
0.03333333333333333,0.1,0.01,0.12
0.03333333333333333,0.15,0.02666666666666667,0.12666666666666668
0.03333333333333333,0.2,0.025,0.155
0.03333333333333333,0.25,0.024,0.148
0.03333333333333333,0.3,0.02666666666666667,0.16333333333333333
0.03333333333333333,0.35,0.025714285714285714,0.19142857142857142
0.03333333333333333,0.4,0.0225,0.17
0.03333333333333333,0.45,0.02,0.1511111111111111
0.03333333333333333,0.5,0.018,0.136
0.03333333333333333,0.55,0.016363636363636365,0.12363636363636364
0.03333333333333333,0.6,0.015,0.11333333333333333
0.03333333333333333,0.65,0.013846153846153847,0.10461538461538461
0.03333333333333333,0.7,0.012857142857142857,0.09714285714285714
0.03333333333333333,0.75,0.012,0.09066666666666667
0.03333333333333333,0.8,0.01125,0.085
0.03333333333333333,0.85,0.01764705882352941,0.08
0.03333333333333333,0.9,0.03666666666666667,0.1111111111111111
0.03333333333333333,0.95,0.034736842105263156,0.15789473684210525
0.03333333333333333,1.0,0.033,0.2
0.03333333333333333,0.05,0.02,0.16
0.03333333333333333,0.1,0.04,0.16
0.03333333333333333,0.15,0.04,0.19333333333333333
0.03333333333333333,0.2,0.035,0.2
0.03333333333333333,0.25,0.028,0.208
0.03333333333333333,0.3,0.03333333333333333,0.21333333333333335
0.03333333333333333,0.35,0.03142857142857143,0.21142857142857144
0.03333333333333333,0.4,0.03,0.185
0.03333333333333333,0.45,0.02666666666666667,0.16444444444444445
0.03333333333333333,0.5,0.024,0.148
0.03333333333333333,0.55,0.02181818181818182,0.13454545454545455
0.03333333333333333,0.6,0.02,0.12333333333333334
0.03333333333333333,0.65,0.018461538461538463,0.11384615384615385
0.03333333333333333,0.7,0.017142857142857144,0.10571428571428572
0.03333333333333333,0.75,0.016,0.09866666666666667
0.03333333333333333,0.8,0.015,0.0925
0.03333333333333333,0.85,0.01411764705882353,0.08705882352941176
0.03333333333333333,0.9,0.03666666666666667,0.1111111111111111
0.03333333333333333,0.95,0.034736842105263156,0.15789473684210525
0.03333333333333333,1.0,0.033,0.2
0.06666666666666667,0.05,0.08,0.28
0.06666666666666667,0.1,0.07,0.25
0.06666666666666667,0.15,0.04666666666666667,0.20666666666666667
0.06666666666666667,0.2,0.07,0.195
0.06666666666666667,0.25,0.08,0.184
0.06666666666666667,0.3,0.09,0.17666666666666667
0.06666666666666667,0.35,0.07714285714285714,0.16857142857142857
0.06666666666666667,0.4,0.0675,0.1575
0.06666666666666667,0.45,0.06,0.14
0.06666666666666667,0.5,0.054,0.126
0.06666666666666667,0.55,0.04909090909090909,0.11454545454545455
0.06666666666666667,0.6,0.045,0.105
0.06666666666666667,0.65,0.04153846153846154,0.09692307692307692
0.06666666666666667,0.7,0.03857142857142857,0.09
0.06666666666666667,0.75,0.036,0.084
0.06666666666666667,0.8,0.03375,0.07875
0.06666666666666667,0.85,0.06352941176470588,0.07411764705882352
0.06666666666666667,0.9,0.07444444444444444,0.1111111111111111
0.06666666666666667,0.95,0.07052631578947369,0.15789473684210525
0.06666666666666667,1.0,0.067,0.2
0.06666666666666667,0.05,0.0,0.12
0.06666666666666667,0.1,0.03,0.14
0.06666666666666667,0.15,0.04666666666666667,0.15333333333333332
0.06666666666666667,0.2,0.04,0.165
0.06666666666666667,0.25,0.036,0.16
0.06666666666666667,0.3,0.043333333333333335,0.16
0.06666666666666667,0.35,0.054285714285714284,0.17142857142857143
0.06666666666666667,0.4,0.0575,0.1725
0.06666666666666667,0.45,0.051111111111111114,0.15333333333333332
0.06666666666666667,0.5,0.046,0.138
0.06666666666666667,0.55,0.04181818181818182,0.12545454545454546
0.06666666666666667,0.6,0.03833333333333333,0.115
0.06666666666666667,0.65,0.03538461538461538,0.10615384615384615
0.06666666666666667,0.7,0.032857142857142856,0.09857142857142857
0.06666666666666667,0.75,0.030666666666666665,0.092
0.06666666666666667,0.8,0.02875,0.08625
0.06666666666666667,0.85,0.05647058823529412,0.0811764705882353
0.06666666666666667,0.9,0.07444444444444444,0.1111111111111111
0.06666666666666667,0.95,0.07052631578947369,0.15789473684210525
0.06666666666666667,1.0,0.067,0.2
0.06666666666666667,0.05,0.08,0.14
0.06666666666666667,0.1,0.06,0.15
0.06666666666666667,0.15,0.06,0.17333333333333334
0.06666666666666667,0.2,0.065,0.165
0.06666666666666667,0.25,0.068,0.172
0.06666666666666667,0.3,0.07333333333333333,0.16666666666666666
0.06666666666666667,0.35,0.06571428571428571,0.17142857142857143
0.06666666666666667,0.4,0.0575,0.1625
0.06666666666666667,0.45,0.051111111111111114,0.14444444444444443
0.06666666666666667,0.5,0.046,0.13
0.06666666666666667,0.55,0.04181818181818182,0.11818181818181818
0.06666666666666667,0.6,0.03833333333333333,0.10833333333333334
0.06666666666666667,0.65,0.03538461538461538,0.1
0.06666666666666667,0.7,0.032857142857142856,0.09285714285714286
0.06666666666666667,0.75,0.030666666666666665,0.08666666666666667
0.06666666666666667,0.8,0.02875,0.08125
0.06666666666666667,0.85,0.0611764705882353,0.07647058823529412
0.06666666666666667,0.9,0.07444444444444444,0.1111111111111111
0.06666666666666667,0.95,0.07052631578947369,0.15789473684210525
0.06666666666666667,1.0,0.067,0.2
0.06666666666666667,0.05,0.06,0.26
0.06666666666666667,0.1,0.05,0.24
0.06666666666666667,0.15,0.06,0.19333333333333333
0.06666666666666667,0.2,0.055,0.18
0.06666666666666667,0.25,0.06,0.2
0.06666666666666667,0.3,0.06333333333333334,0.18666666666666668
0.06666666666666667,0.35,0.06571428571428571,0.18571428571428572
0.06666666666666667,0.4,0.06,0.1775
0.06666666666666667,0.45,0.05333333333333334,0.15777777777777777
0.06666666666666667,0.5,0.048,0.142
0.06666666666666667,0.55,0.04363636363636364,0.1290909090909091
0.06666666666666667,0.6,0.04,0.11833333333333333
0.06666666666666667,0.65,0.036923076923076927,0.10923076923076923
0.06666666666666667,0.7,0.03428571428571429,0.10142857142857142
0.06666666666666667,0.75,0.032,0.09466666666666666
0.06666666666666667,0.8,0.03,0.08875
0.06666666666666667,0.85,0.05411764705882353,0.08352941176470588
0.06666666666666667,0.9,0.07444444444444444,0.1111111111111111
0.06666666666666667,0.95,0.07052631578947369,0.15789473684210525
0.06666666666666667,1.0,0.067,0.2
0.06666666666666667,0.05,0.16,0.16
0.06666666666666667,0.1,0.1,0.15
0.06666666666666667,0.15,0.07333333333333333,0.16
0.06666666666666667,0.2,0.07,0.155
0.06666666666666667,0.25,0.064,0.164
0.06666666666666667,0.3,0.06,0.17333333333333334
0.06666666666666667,0.35,0.06,0.18
0.06666666666666667,0.4,0.0575,0.165
0.06666666666666667,0.45,0.051111111111111114,0.14666666666666667
0.06666666666666667,0.5,0.046,0.132
0.06666666666666667,0.55,0.04181818181818182,0.12
0.06666666666666667,0.6,0.03833333333333333,0.11
0.06666666666666667,0.65,0.03538461538461538,0.10153846153846154
0.06666666666666667,0.7,0.032857142857142856,0.09428571428571429
0.06666666666666667,0.75,0.030666666666666665,0.088
0.06666666666666667,0.8,0.02875,0.0825
0.06666666666666667,0.85,0.06,0.07764705882352942
0.06666666666666667,0.9,0.07444444444444444,0.1111111111111111
0.06666666666666667,0.95,0.07052631578947369,0.15789473684210525
0.06666666666666667,1.0,0.067,0.2
0.06666666666666667,0.05,0.02,0.08
0.06666666666666667,0.1,0.04,0.1
0.06666666666666667,0.15,0.04666666666666667,0.11333333333333333
0.06666666666666667,0.2,0.055,0.13
0.06666666666666667,0.25,0.052,0.148
0.06666666666666667,0.3,0.05333333333333334,0.15
0.06666666666666667,0.35,0.06,0.16285714285714287
0.06666666666666667,0.4,0.06,0.1625
0.06666666666666667,0.45,0.05333333333333334,0.14444444444444443
0.06666666666666667,0.5,0.048,0.13
0.06666666666666667,0.55,0.04363636363636364,0.11818181818181818
0.06666666666666667,0.6,0.04,0.10833333333333334
0.06666666666666667,0.65,0.036923076923076927,0.1
0.06666666666666667,0.7,0.03428571428571429,0.09285714285714286
0.06666666666666667,0.75,0.032,0.08666666666666667
0.06666666666666667,0.8,0.03,0.08125
0.06666666666666667,0.85,0.0611764705882353,0.07647058823529412
0.06666666666666667,0.9,0.07444444444444444,0.1111111111111111
0.06666666666666667,0.95,0.07052631578947369,0.15789473684210525
0.06666666666666667,1.0,0.067,0.2
0.06666666666666667,0.05,0.08,0.12
0.06666666666666667,0.1,0.06,0.16
0.06666666666666667,0.15,0.08666666666666667,0.17333333333333334
0.06666666666666667,0.2,0.08,0.185
0.06666666666666667,0.25,0.076,0.188
0.06666666666666667,0.3,0.07,0.19333333333333333
0.06666666666666667,0.35,0.06857142857142857,0.18857142857142858
0.06666666666666667,0.4,0.065,0.195
0.06666666666666667,0.45,0.057777777777777775,0.17333333333333334
0.06666666666666667,0.5,0.052,0.156
0.06666666666666667,0.55,0.04727272727272727,0.14181818181818182
0.06666666666666667,0.6,0.043333333333333335,0.13
0.06666666666666667,0.65,0.04,0.12
0.06666666666666667,0.7,0.037142857142857144,0.11142857142857143
0.06666666666666667,0.75,0.034666666666666665,0.104
0.06666666666666667,0.8,0.0325,0.0975
0.06666666666666667,0.85,0.04588235294117647,0.09176470588235294
0.06666666666666667,0.9,0.07444444444444444,0.1111111111111111
0.06666666666666667,0.95,0.07052631578947369,0.15789473684210525
0.06666666666666667,1.0,0.067,0.2
0.06666666666666667,0.05,0.02,0.16
0.06666666666666667,0.1,0.03,0.24
0.06666666666666667,0.15,0.06666666666666667,0.22
0.06666666666666667,0.2,0.085,0.19
0.06666666666666667,0.25,0.076,0.196
0.06666666666666667,0.3,0.07,0.19
0.06666666666666667,0.35,0.06857142857142857,0.19428571428571428
0.06666666666666667,0.4,0.0625,0.185
0.06666666666666667,0.45,0.05555555555555555,0.16444444444444445
0.06666666666666667,0.5,0.05,0.148
0.06666666666666667,0.55,0.045454545454545456,0.13454545454545455
0.06666666666666667,0.6,0.041666666666666664,0.12333333333333334
0.06666666666666667,0.65,0.038461538461538464,0.11384615384615385
0.06666666666666667,0.7,0.03571428571428571,0.10571428571428572
0.06666666666666667,0.75,0.03333333333333333,0.09866666666666667
0.06666666666666667,0.8,0.03125,0.0925
0.06666666666666667,0.85,0.05058823529411765,0.08705882352941176
0.06666666666666667,0.9,0.07444444444444444,0.1111111111111111
0.06666666666666667,0.95,0.07052631578947369,0.15789473684210525
0.06666666666666667,1.0,0.067,0.2
0.06666666666666667,0.05,0.02,0.18
0.06666666666666667,0.1,0.05,0.12
0.06666666666666667,0.15,0.06666666666666667,0.16
0.06666666666666667,0.2,0.085,0.16
0.06666666666666667,0.25,0.072,0.176
0.06666666666666667,0.3,0.07333333333333333,0.18333333333333332
0.06666666666666667,0.35,0.07142857142857142,0.18
0.06666666666666667,0.4,0.0625,0.1575
0.06666666666666667,0.45,0.05555555555555555,0.14
0.06666666666666667,0.5,0.05,0.126
0.06666666666666667,0.55,0.045454545454545456,0.11454545454545455
0.06666666666666667,0.6,0.041666666666666664,0.105
0.06666666666666667,0.65,0.038461538461538464,0.09692307692307692
0.06666666666666667,0.7,0.03571428571428571,0.09
0.06666666666666667,0.75,0.03333333333333333,0.084
0.06666666666666667,0.8,0.03125,0.07875
0.06666666666666667,0.85,0.06352941176470588,0.07411764705882352
0.06666666666666667,0.9,0.07444444444444444,0.1111111111111111
0.06666666666666667,0.95,0.07052631578947369,0.15789473684210525
0.06666666666666667,1.0,0.067,0.2
0.06666666666666667,0.05,0.08,0.14
0.06666666666666667,0.1,0.09,0.12
0.06666666666666667,0.15,0.08666666666666667,0.16666666666666666
0.06666666666666667,0.2,0.09,0.19
0.06666666666666667,0.25,0.08,0.208
0.06666666666666667,0.3,0.07333333333333333,0.20666666666666667
0.06666666666666667,0.35,0.06857142857142857,0.21142857142857144
0.06666666666666667,0.4,0.06,0.185
0.06666666666666667,0.45,0.05333333333333334,0.16444444444444445
0.06666666666666667,0.5,0.048,0.148
0.06666666666666667,0.55,0.04363636363636364,0.13454545454545455
0.06666666666666667,0.6,0.04,0.12333333333333334
0.06666666666666667,0.65,0.036923076923076927,0.11384615384615385
0.06666666666666667,0.7,0.03428571428571429,0.10571428571428572
0.06666666666666667,0.75,0.032,0.09866666666666667
0.06666666666666667,0.8,0.03,0.0925
0.06666666666666667,0.85,0.05058823529411765,0.08705882352941176
0.06666666666666667,0.9,0.07444444444444444,0.1111111111111111
0.06666666666666667,0.95,0.07052631578947369,0.15789473684210525
0.06666666666666667,1.0,0.067,0.2
0.1,0.05,0.12,0.26
0.1,0.1,0.09,0.27
0.1,0.15,0.08666666666666667,0.23333333333333334
0.1,0.2,0.085,0.215
0.1,0.25,0.092,0.2
0.1,0.3,0.09,0.20333333333333334
0.1,0.35,0.09142857142857143,0.21428571428571427
0.1,0.4,0.08,0.1925
0.1,0.45,0.07111111111111111,0.1711111111111111
0.1,0.5,0.064,0.154
0.1,0.55,0.05818181818181818,0.14
0.1,0.6,0.05333333333333334,0.12833333333333333
0.1,0.65,0.04923076923076923,0.11846153846153847
0.1,0.7,0.045714285714285714,0.11
0.1,0.75,0.042666666666666665,0.10266666666666667
0.1,0.8,0.04,0.09625
0.1,0.85,0.08588235294117647,0.09058823529411765
0.1,0.9,0.1111111111111111,0.1111111111111111
0.1,0.95,0.10526315789473684,0.15789473684210525
0.1,1.0,0.1,0.2
0.1,0.05,0.04,0.2
0.1,0.1,0.07,0.19
0.1,0.15,0.07333333333333333,0.20666666666666667
0.1,0.2,0.08,0.19
0.1,0.25,0.076,0.184
0.1,0.3,0.07333333333333333,0.2
0.1,0.35,0.07142857142857142,0.2057142857142857
0.1,0.4,0.07,0.2075
0.1,0.45,0.06222222222222222,0.18444444444444444
0.1,0.5,0.056,0.166
0.1,0.55,0.05090909090909091,0.1509090909090909
0.1,0.6,0.04666666666666667,0.13833333333333334
0.1,0.65,0.043076923076923075,0.1276923076923077
0.1,0.7,0.04,0.11857142857142858
0.1,0.75,0.037333333333333336,0.11066666666666666
0.1,0.8,0.035,0.10375
0.1,0.85,0.07882352941176471,0.0976470588235294
0.1,0.9,0.1111111111111111,0.1111111111111111
0.1,0.95,0.10526315789473684,0.15789473684210525
0.1,1.0,0.1,0.2
0.1,0.05,0.08,0.18
0.1,0.1,0.12,0.18
0.1,0.15,0.12666666666666668,0.15333333333333332
0.1,0.2,0.11,0.16
0.1,0.25,0.112,0.176
0.1,0.3,0.09666666666666666,0.19666666666666666
0.1,0.35,0.09714285714285714,0.19142857142857142
0.1,0.4,0.09,0.1825
0.1,0.45,0.08,0.1622222222222222
0.1,0.5,0.072,0.146
0.1,0.55,0.06545454545454546,0.13272727272727272
0.1,0.6,0.06,0.12166666666666667
0.1,0.65,0.055384615384615386,0.1123076923076923
0.1,0.7,0.05142857142857143,0.10428571428571429
0.1,0.75,0.048,0.09733333333333333
0.1,0.8,0.045,0.09125
0.1,0.85,0.09058823529411765,0.08588235294117647
0.1,0.9,0.1111111111111111,0.1111111111111111
0.1,0.95,0.10526315789473684,0.15789473684210525
0.1,1.0,0.1,0.2
0.1,0.05,0.08,0.22
0.1,0.1,0.08,0.2
0.1,0.15,0.1,0.21333333333333335
0.1,0.2,0.115,0.19
0.1,0.25,0.112,0.184
0.1,0.3,0.10666666666666667,0.18666666666666668
0.1,0.35,0.1,0.20857142857142857
0.1,0.4,0.0925,0.1925
0.1,0.45,0.08222222222222222,0.1711111111111111
0.1,0.5,0.074,0.154
0.1,0.55,0.06727272727272728,0.14
0.1,0.6,0.06166666666666667,0.12833333333333333
0.1,0.65,0.05692307692307692,0.11846153846153847
0.1,0.7,0.05285714285714286,0.11
0.1,0.75,0.04933333333333333,0.10266666666666667
0.1,0.8,0.04625,0.09625
0.1,0.85,0.08588235294117647,0.09058823529411765
0.1,0.9,0.1111111111111111,0.1111111111111111
0.1,0.95,0.10526315789473684,0.15789473684210525
0.1,1.0,0.1,0.2
0.1,0.05,0.1,0.18
0.1,0.1,0.1,0.21
0.1,0.15,0.12666666666666668,0.22
0.1,0.2,0.1,0.215
0.1,0.25,0.12,0.208
0.1,0.3,0.11333333333333333,0.20333333333333334
0.1,0.35,0.12,0.19428571428571428
0.1,0.4,0.1175,0.1825
0.1,0.45,0.10444444444444445,0.1622222222222222
0.1,0.5,0.094,0.146
0.1,0.55,0.08545454545454545,0.13272727272727272
0.1,0.6,0.07833333333333334,0.12166666666666667
0.1,0.65,0.07230769230769231,0.1123076923076923
0.1,0.7,0.06714285714285714,0.10428571428571429
0.1,0.75,0.06266666666666666,0.09733333333333333
0.1,0.8,0.05875,0.09125
0.1,0.85,0.09058823529411765,0.08588235294117647
0.1,0.9,0.1111111111111111,0.1111111111111111
0.1,0.95,0.10526315789473684,0.15789473684210525
0.1,1.0,0.1,0.2
0.1,0.05,0.1,0.08
0.1,0.1,0.08,0.15
0.1,0.15,0.08666666666666667,0.18
0.1,0.2,0.095,0.175
0.1,0.25,0.092,0.192
0.1,0.3,0.08666666666666667,0.21
0.1,0.35,0.08571428571428572,0.20285714285714285
0.1,0.4,0.0825,0.18
0.1,0.45,0.07333333333333333,0.16
0.1,0.5,0.066,0.144
0.1,0.55,0.06,0.13090909090909092
0.1,0.6,0.055,0.12
0.1,0.65,0.05076923076923077,0.11076923076923077
0.1,0.7,0.047142857142857146,0.10285714285714286
0.1,0.75,0.044,0.096
0.1,0.8,0.04125,0.09
0.1,0.85,0.09176470588235294,0.08470588235294117
0.1,0.9,0.1111111111111111,0.1111111111111111
0.1,0.95,0.10526315789473684,0.15789473684210525
0.1,1.0,0.1,0.2
0.1,0.05,0.1,0.22
0.1,0.1,0.11,0.24
0.1,0.15,0.11333333333333333,0.21333333333333335
0.1,0.2,0.105,0.23
0.1,0.25,0.112,0.24
0.1,0.3,0.11,0.23
0.1,0.35,0.10285714285714286,0.2257142857142857
0.1,0.4,0.105,0.2175
0.1,0.45,0.09333333333333334,0.19333333333333333
0.1,0.5,0.084,0.174
0.1,0.55,0.07636363636363637,0.15818181818181817
0.1,0.6,0.07,0.145
0.1,0.65,0.06461538461538462,0.13384615384615384
0.1,0.7,0.06,0.12428571428571429
0.1,0.75,0.056,0.116
0.1,0.8,0.0525,0.10875
0.1,0.85,0.07411764705882352,0.10235294117647059
0.1,0.9,0.1111111111111111,0.1111111111111111
0.1,0.95,0.10526315789473684,0.15789473684210525
0.1,1.0,0.1,0.2
0.1,0.05,0.12,0.22
0.1,0.1,0.1,0.27
0.1,0.15,0.10666666666666667,0.25333333333333335
0.1,0.2,0.12,0.215
0.1,0.25,0.116,0.22
0.1,0.3,0.11,0.22333333333333333
0.1,0.35,0.10571428571428572,0.22285714285714286
0.1,0.4,0.0975,0.21
0.1,0.45,0.08666666666666667,0.18666666666666668
0.1,0.5,0.078,0.168
0.1,0.55,0.07090909090909091,0.15272727272727274
0.1,0.6,0.065,0.14
0.1,0.65,0.06,0.12923076923076923
0.1,0.7,0.055714285714285716,0.12
0.1,0.75,0.052,0.112
0.1,0.8,0.04875,0.105
0.1,0.85,0.07764705882352942,0.0988235294117647
0.1,0.9,0.1111111111111111,0.1111111111111111
0.1,0.95,0.10526315789473684,0.15789473684210525
0.1,1.0,0.1,0.2
0.1,0.05,0.12,0.16
0.1,0.1,0.1,0.18
0.1,0.15,0.1,0.2
0.1,0.2,0.095,0.21
0.1,0.25,0.1,0.192
0.1,0.3,0.08666666666666667,0.19666666666666666
0.1,0.35,0.09428571428571429,0.18571428571428572
0.1,0.4,0.0825,0.1625
0.1,0.45,0.07333333333333333,0.14444444444444443
0.1,0.5,0.066,0.13
0.1,0.55,0.06,0.11818181818181818
0.1,0.6,0.055,0.10833333333333334
0.1,0.65,0.05076923076923077,0.1
0.1,0.7,0.047142857142857146,0.09285714285714286
0.1,0.75,0.044,0.08666666666666667
0.1,0.8,0.04375,0.08125
0.1,0.85,0.1,0.07647058823529412
0.1,0.9,0.1111111111111111,0.1111111111111111
0.1,0.95,0.10526315789473684,0.15789473684210525
0.1,1.0,0.1,0.2
0.1,0.05,0.16,0.16
0.1,0.1,0.13,0.18
0.1,0.15,0.1,0.19333333333333333
0.1,0.2,0.095,0.22
0.1,0.25,0.1,0.232
0.1,0.3,0.11,0.22666666666666666
0.1,0.35,0.1,0.22285714285714286
0.1,0.4,0.0875,0.195
0.1,0.45,0.07777777777777778,0.17333333333333334
0.1,0.5,0.07,0.156
0.1,0.55,0.06363636363636363,0.14181818181818182
0.1,0.6,0.058333333333333334,0.13
0.1,0.65,0.05384615384615385,0.12
0.1,0.7,0.05,0.11142857142857143
0.1,0.75,0.04666666666666667,0.104
0.1,0.8,0.04375,0.0975
0.1,0.85,0.08470588235294117,0.09176470588235294
0.1,0.9,0.1111111111111111,0.1111111111111111
0.1,0.95,0.10526315789473684,0.15789473684210525
0.1,1.0,0.1,0.2
0.13333333333333333,0.05,0.08,0.22
0.13333333333333333,0.1,0.09,0.2
0.13333333333333333,0.15,0.11333333333333333,0.18666666666666668
0.13333333333333333,0.2,0.1,0.21
0.13333333333333333,0.25,0.096,0.212
0.13333333333333333,0.3,0.10666666666666667,0.21333333333333335
0.13333333333333333,0.35,0.10857142857142857,0.19428571428571428
0.13333333333333333,0.4,0.095,0.17
0.13333333333333333,0.45,0.08444444444444445,0.1511111111111111
0.13333333333333333,0.5,0.076,0.136
0.13333333333333333,0.55,0.06909090909090909,0.12363636363636364
0.13333333333333333,0.6,0.06333333333333334,0.11333333333333333
0.13333333333333333,0.65,0.05846153846153846,0.10461538461538461
0.13333333333333333,0.7,0.054285714285714284,0.09714285714285714
0.13333333333333333,0.75,0.050666666666666665,0.09066666666666667
0.13333333333333333,0.8,0.08125,0.085
0.13333333333333333,0.85,0.13529411764705881,0.08
0.13333333333333333,0.9,0.14777777777777779,0.1111111111111111
0.13333333333333333,0.95,0.14,0.15789473684210525
0.13333333333333333,1.0,0.133,0.2
0.13333333333333333,0.05,0.06,0.22
0.13333333333333333,0.1,0.09,0.23
0.13333333333333333,0.15,0.07333333333333333,0.23333333333333334
0.13333333333333333,0.2,0.095,0.205
0.13333333333333333,0.25,0.092,0.192
0.13333333333333333,0.3,0.10333333333333333,0.2
0.13333333333333333,0.35,0.12285714285714286,0.20857142857142857
0.13333333333333333,0.4,0.1075,0.19
0.13333333333333333,0.45,0.09555555555555556,0.1688888888888889
0.13333333333333333,0.5,0.086,0.152
0.13333333333333333,0.55,0.07818181818181819,0.13818181818181818
0.13333333333333333,0.6,0.07166666666666667,0.12666666666666668
0.13333333333333333,0.65,0.06615384615384616,0.11692307692307692
0.13333333333333333,0.7,0.06142857142857143,0.10857142857142857
0.13333333333333333,0.75,0.05733333333333333,0.10133333333333333
0.13333333333333333,0.8,0.07125,0.095
0.13333333333333333,0.85,0.12588235294117647,0.08941176470588236
0.13333333333333333,0.9,0.14777777777777779,0.1111111111111111
0.13333333333333333,0.95,0.14,0.15789473684210525
0.13333333333333333,1.0,0.133,0.2
0.13333333333333333,0.05,0.08,0.24
0.13333333333333333,0.1,0.08,0.23
0.13333333333333333,0.15,0.10666666666666667,0.18666666666666668
0.13333333333333333,0.2,0.125,0.17
0.13333333333333333,0.25,0.132,0.172
0.13333333333333333,0.3,0.12,0.17666666666666667
0.13333333333333333,0.35,0.12,0.18285714285714286
0.13333333333333333,0.4,0.11,0.1675
0.13333333333333333,0.45,0.09777777777777778,0.14888888888888888
0.13333333333333333,0.5,0.088,0.134
0.13333333333333333,0.55,0.08,0.12181818181818181
0.13333333333333333,0.6,0.07333333333333333,0.11166666666666666
0.13333333333333333,0.65,0.06769230769230769,0.10307692307692308
0.13333333333333333,0.7,0.06285714285714286,0.09571428571428571
0.13333333333333333,0.75,0.058666666666666666,0.08933333333333333
0.13333333333333333,0.8,0.0825,0.08375
0.13333333333333333,0.85,0.13647058823529412,0.07882352941176471
0.13333333333333333,0.9,0.14777777777777779,0.1111111111111111
0.13333333333333333,0.95,0.14,0.15789473684210525
0.13333333333333333,1.0,0.133,0.2
0.13333333333333333,0.05,0.1,0.28
0.13333333333333333,0.1,0.13,0.22
0.13333333333333333,0.15,0.12666666666666668,0.21333333333333335
0.13333333333333333,0.2,0.135,0.195
0.13333333333333333,0.25,0.144,0.188
0.13333333333333333,0.3,0.14,0.17666666666666667
0.13333333333333333,0.35,0.13142857142857142,0.19714285714285715
0.13333333333333333,0.4,0.1175,0.1925
0.13333333333333333,0.45,0.10444444444444445,0.1711111111111111
0.13333333333333333,0.5,0.094,0.154
0.13333333333333333,0.55,0.08545454545454545,0.14
0.13333333333333333,0.6,0.07833333333333334,0.12833333333333333
0.13333333333333333,0.65,0.07230769230769231,0.11846153846153847
0.13333333333333333,0.7,0.06714285714285714,0.11
0.13333333333333333,0.75,0.06266666666666666,0.10266666666666667
0.13333333333333333,0.8,0.07,0.09625
0.13333333333333333,0.85,0.12470588235294118,0.09058823529411765
0.13333333333333333,0.9,0.14777777777777779,0.1111111111111111
0.13333333333333333,0.95,0.14,0.15789473684210525
0.13333333333333333,1.0,0.133,0.2
0.13333333333333333,0.05,0.22,0.2
0.13333333333333333,0.1,0.19,0.19
0.13333333333333333,0.15,0.15333333333333332,0.16666666666666666
0.13333333333333333,0.2,0.155,0.175
0.13333333333333333,0.25,0.152,0.184
0.13333333333333333,0.3,0.15666666666666668,0.19333333333333333
0.13333333333333333,0.35,0.15714285714285714,0.2
0.13333333333333333,0.4,0.1375,0.185
0.13333333333333333,0.45,0.12222222222222222,0.16444444444444445
0.13333333333333333,0.5,0.11,0.148
0.13333333333333333,0.55,0.1,0.13454545454545455
0.13333333333333333,0.6,0.09166666666666666,0.12333333333333334
0.13333333333333333,0.65,0.08461538461538462,0.11384615384615385
0.13333333333333333,0.7,0.07857142857142857,0.10571428571428572
0.13333333333333333,0.75,0.07333333333333333,0.09866666666666667
0.13333333333333333,0.8,0.07375,0.0925
0.13333333333333333,0.85,0.12823529411764706,0.08705882352941176
0.13333333333333333,0.9,0.14777777777777779,0.1111111111111111
0.13333333333333333,0.95,0.14,0.15789473684210525
0.13333333333333333,1.0,0.133,0.2
0.13333333333333333,0.05,0.1,0.12
0.13333333333333333,0.1,0.1,0.14
0.13333333333333333,0.15,0.10666666666666667,0.15333333333333332
0.13333333333333333,0.2,0.09,0.165
0.13333333333333333,0.25,0.1,0.16
0.13333333333333333,0.3,0.11,0.15666666666666668
0.13333333333333333,0.35,0.11714285714285715,0.16285714285714287
0.13333333333333333,0.4,0.1125,0.165
0.13333333333333333,0.45,0.1,0.14666666666666667
0.13333333333333333,0.5,0.09,0.132
0.13333333333333333,0.55,0.08181818181818182,0.12
0.13333333333333333,0.6,0.075,0.11
0.13333333333333333,0.65,0.06923076923076923,0.10153846153846154
0.13333333333333333,0.7,0.06428571428571428,0.09428571428571429
0.13333333333333333,0.75,0.06,0.088
0.13333333333333333,0.8,0.08375,0.0825
0.13333333333333333,0.85,0.1376470588235294,0.07764705882352942
0.13333333333333333,0.9,0.14777777777777779,0.1111111111111111
0.13333333333333333,0.95,0.14,0.15789473684210525
0.13333333333333333,1.0,0.133,0.2
0.13333333333333333,0.05,0.12,0.18
0.13333333333333333,0.1,0.14,0.27
0.13333333333333333,0.15,0.14,0.24
0.13333333333333333,0.2,0.135,0.22
0.13333333333333333,0.25,0.144,0.22
0.13333333333333333,0.3,0.13,0.22666666666666666
0.13333333333333333,0.35,0.13714285714285715,0.21714285714285714
0.13333333333333333,0.4,0.125,0.215
0.13333333333333333,0.45,0.1111111111111111,0.19111111111111112
0.13333333333333333,0.5,0.1,0.172
0.13333333333333333,0.55,0.09090909090909091,0.15636363636363637
0.13333333333333333,0.6,0.08333333333333333,0.14333333333333334
0.13333333333333333,0.65,0.07692307692307693,0.13230769230769232
0.13333333333333333,0.7,0.07142857142857142,0.12285714285714286
0.13333333333333333,0.75,0.06666666666666667,0.11466666666666667
0.13333333333333333,0.8,0.0625,0.1075
0.13333333333333333,0.85,0.11411764705882353,0.1011764705882353
0.13333333333333333,0.9,0.14777777777777779,0.1111111111111111
0.13333333333333333,0.95,0.14,0.15789473684210525
0.13333333333333333,1.0,0.133,0.2
0.13333333333333333,0.05,0.08,0.28
0.13333333333333333,0.1,0.1,0.28
0.13333333333333333,0.15,0.12666666666666668,0.26666666666666666
0.13333333333333333,0.2,0.135,0.23
0.13333333333333333,0.25,0.14,0.228
0.13333333333333333,0.3,0.14,0.21666666666666667
0.13333333333333333,0.35,0.14,0.2057142857142857
0.13333333333333333,0.4,0.13,0.1975
0.13333333333333333,0.45,0.11555555555555555,0.17555555555555555
0.13333333333333333,0.5,0.104,0.158
0.13333333333333333,0.55,0.09454545454545454,0.14363636363636365
0.13333333333333333,0.6,0.08666666666666667,0.13166666666666665
0.13333333333333333,0.65,0.08,0.12153846153846154
0.13333333333333333,0.7,0.07428571428571429,0.11285714285714285
0.13333333333333333,0.75,0.06933333333333333,0.10533333333333333
0.13333333333333333,0.8,0.0675,0.09875
0.13333333333333333,0.85,0.1223529411764706,0.09294117647058824
0.13333333333333333,0.9,0.14777777777777779,0.1111111111111111
0.13333333333333333,0.95,0.14,0.15789473684210525
0.13333333333333333,1.0,0.133,0.2
0.13333333333333333,0.05,0.06,0.2
0.13333333333333333,0.1,0.09,0.16
0.13333333333333333,0.15,0.11333333333333333,0.19333333333333333
0.13333333333333333,0.2,0.115,0.205
0.13333333333333333,0.25,0.108,0.208
0.13333333333333333,0.3,0.12666666666666668,0.20666666666666667
0.13333333333333333,0.35,0.13142857142857142,0.20285714285714285
0.13333333333333333,0.4,0.115,0.1775
0.13333333333333333,0.45,0.10222222222222223,0.15777777777777777
0.13333333333333333,0.5,0.092,0.142
0.13333333333333333,0.55,0.08363636363636363,0.1290909090909091
0.13333333333333333,0.6,0.07666666666666666,0.11833333333333333
0.13333333333333333,0.65,0.07076923076923076,0.10923076923076923
0.13333333333333333,0.7,0.06571428571428571,0.10142857142857142
0.13333333333333333,0.75,0.06133333333333333,0.09466666666666666
0.13333333333333333,0.8,0.0775,0.08875
0.13333333333333333,0.85,0.13176470588235295,0.08352941176470588
0.13333333333333333,0.9,0.14777777777777779,0.1111111111111111
0.13333333333333333,0.95,0.14,0.15789473684210525
0.13333333333333333,1.0,0.133,0.2
0.13333333333333333,0.05,0.16,0.18
0.13333333333333333,0.1,0.19,0.2
0.13333333333333333,0.15,0.16,0.22
0.13333333333333333,0.2,0.135,0.245
0.13333333333333333,0.25,0.132,0.232
0.13333333333333333,0.3,0.14,0.23666666666666666
0.13333333333333333,0.35,0.14,0.2342857142857143
0.13333333333333333,0.4,0.1225,0.205
0.13333333333333333,0.45,0.10888888888888888,0.18222222222222223
0.13333333333333333,0.5,0.098,0.164
0.13333333333333333,0.55,0.0890909090909091,0.14909090909090908
0.13333333333333333,0.6,0.08166666666666667,0.13666666666666666
0.13333333333333333,0.65,0.07538461538461538,0.12615384615384614
0.13333333333333333,0.7,0.07,0.11714285714285715
0.13333333333333333,0.75,0.06533333333333333,0.10933333333333334
0.13333333333333333,0.8,0.06375,0.1025
0.13333333333333333,0.85,0.1188235294117647,0.09647058823529411
0.13333333333333333,0.9,0.14777777777777779,0.1111111111111111
0.13333333333333333,0.95,0.14,0.15789473684210525
0.13333333333333333,1.0,0.133,0.2
0.16666666666666666,0.05,0.08,0.24
0.16666666666666666,0.1,0.09,0.21
0.16666666666666666,0.15,0.08666666666666667,0.23333333333333334
0.16666666666666666,0.2,0.135,0.21
0.16666666666666666,0.25,0.14,0.224
0.16666666666666666,0.3,0.15,0.21666666666666667
0.16666666666666666,0.35,0.15142857142857144,0.21142857142857144
0.16666666666666666,0.4,0.135,0.2125
0.16666666666666666,0.45,0.12,0.18888888888888888
0.16666666666666666,0.5,0.108,0.17
0.16666666666666666,0.55,0.09818181818181818,0.15454545454545454
0.16666666666666666,0.6,0.09,0.14166666666666666
0.16666666666666666,0.65,0.08307692307692308,0.13076923076923078
0.16666666666666666,0.7,0.07714285714285714,0.12142857142857143
0.16666666666666666,0.75,0.072,0.11333333333333333
0.16666666666666666,0.8,0.1025,0.10625
0.16666666666666666,0.85,0.15529411764705883,0.1
0.16666666666666666,0.9,0.18555555555555556,0.1111111111111111
0.16666666666666666,0.95,0.17578947368421052,0.15789473684210525
0.16666666666666666,1.0,0.167,0.2
0.16666666666666666,0.05,0.1,0.28
0.16666666666666666,0.1,0.11,0.26
0.16666666666666666,0.15,0.14,0.26666666666666666
0.16666666666666666,0.2,0.155,0.235
0.16666666666666666,0.25,0.156,0.224
0.16666666666666666,0.3,0.15666666666666668,0.22
0.16666666666666666,0.35,0.1657142857142857,0.22
0.16666666666666666,0.4,0.15,0.195
0.16666666666666666,0.45,0.13333333333333333,0.17333333333333334
0.16666666666666666,0.5,0.12,0.156
0.16666666666666666,0.55,0.10909090909090909,0.14181818181818182
0.16666666666666666,0.6,0.1,0.13
0.16666666666666666,0.65,0.09230769230769231,0.12
0.16666666666666666,0.7,0.08571428571428572,0.11142857142857143
0.16666666666666666,0.75,0.08,0.104
0.16666666666666666,0.8,0.11125,0.0975
0.16666666666666666,0.85,0.1635294117647059,0.09176470588235294
0.16666666666666666,0.9,0.18555555555555556,0.1111111111111111
0.16666666666666666,0.95,0.17578947368421052,0.15789473684210525
0.16666666666666666,1.0,0.167,0.2
0.16666666666666666,0.05,0.18,0.28
0.16666666666666666,0.1,0.12,0.27
0.16666666666666666,0.15,0.15333333333333332,0.23333333333333334
0.16666666666666666,0.2,0.155,0.23
0.16666666666666666,0.25,0.18,0.2
0.16666666666666666,0.3,0.16666666666666666,0.20333333333333334
0.16666666666666666,0.35,0.16,0.21714285714285714
0.16666666666666666,0.4,0.14,0.195
0.16666666666666666,0.45,0.12444444444444444,0.17333333333333334
0.16666666666666666,0.5,0.112,0.156
0.16666666666666666,0.55,0.10181818181818182,0.14181818181818182
0.16666666666666666,0.6,0.09333333333333334,0.13
0.16666666666666666,0.65,0.08615384615384615,0.12
0.16666666666666666,0.7,0.08,0.11142857142857143
0.16666666666666666,0.75,0.07466666666666667,0.104
0.16666666666666666,0.8,0.11125,0.0975
0.16666666666666666,0.85,0.1635294117647059,0.09176470588235294
0.16666666666666666,0.9,0.18555555555555556,0.1111111111111111
0.16666666666666666,0.95,0.17578947368421052,0.15789473684210525
0.16666666666666666,1.0,0.167,0.2
0.16666666666666666,0.05,0.06,0.28
0.16666666666666666,0.1,0.12,0.2
0.16666666666666666,0.15,0.12666666666666668,0.18666666666666668
0.16666666666666666,0.2,0.13,0.19
0.16666666666666666,0.25,0.136,0.212
0.16666666666666666,0.3,0.13333333333333333,0.19666666666666666
0.16666666666666666,0.35,0.13714285714285715,0.21428571428571427
0.16666666666666666,0.4,0.1325,0.1925
0.16666666666666666,0.45,0.11777777777777777,0.1711111111111111
0.16666666666666666,0.5,0.106,0.154
0.16666666666666666,0.55,0.09636363636363636,0.14
0.16666666666666666,0.6,0.08833333333333333,0.12833333333333333
0.16666666666666666,0.65,0.08153846153846153,0.11846153846153847
0.16666666666666666,0.7,0.07571428571428572,0.11
0.16666666666666666,0.75,0.07066666666666667,0.10266666666666667
0.16666666666666666,0.8,0.1125,0.09625
0.16666666666666666,0.85,0.16470588235294117,0.09058823529411765
0.16666666666666666,0.9,0.18555555555555556,0.1111111111111111
0.16666666666666666,0.95,0.17578947368421052,0.15789473684210525
0.16666666666666666,1.0,0.167,0.2
0.16666666666666666,0.05,0.2,0.32
0.16666666666666666,0.1,0.19,0.25
0.16666666666666666,0.15,0.22,0.20666666666666667
0.16666666666666666,0.2,0.19,0.21
0.16666666666666666,0.25,0.208,0.192
0.16666666666666666,0.3,0.19333333333333333,0.20333333333333334
0.16666666666666666,0.35,0.18285714285714286,0.2057142857142857
0.16666666666666666,0.4,0.16,0.19
0.16666666666666666,0.45,0.14222222222222222,0.1688888888888889
0.16666666666666666,0.5,0.128,0.152
0.16666666666666666,0.55,0.11636363636363636,0.13818181818181818
0.16666666666666666,0.6,0.10666666666666667,0.12666666666666668
0.16666666666666666,0.65,0.09846153846153846,0.11692307692307692
0.16666666666666666,0.7,0.09142857142857143,0.10857142857142857
0.16666666666666666,0.75,0.08533333333333333,0.10133333333333333
0.16666666666666666,0.8,0.11375,0.095
0.16666666666666666,0.85,0.16588235294117648,0.08941176470588236
0.16666666666666666,0.9,0.18555555555555556,0.1111111111111111
0.16666666666666666,0.95,0.17578947368421052,0.15789473684210525
0.16666666666666666,1.0,0.167,0.2
0.16666666666666666,0.05,0.12,0.22
0.16666666666666666,0.1,0.1,0.23
0.16666666666666666,0.15,0.12,0.23333333333333334
0.16666666666666666,0.2,0.145,0.225
0.16666666666666666,0.25,0.152,0.212
0.16666666666666666,0.3,0.15,0.21333333333333335
0.16666666666666666,0.35,0.16285714285714287,0.20285714285714285
0.16666666666666666,0.4,0.1425,0.18
0.16666666666666666,0.45,0.12666666666666668,0.16
0.16666666666666666,0.5,0.114,0.144
0.16666666666666666,0.55,0.10363636363636364,0.13090909090909092
0.16666666666666666,0.6,0.095,0.12
0.16666666666666666,0.65,0.0876923076923077,0.11076923076923077
0.16666666666666666,0.7,0.08142857142857143,0.10285714285714286
0.16666666666666666,0.75,0.076,0.096
0.16666666666666666,0.8,0.11875,0.09
0.16666666666666666,0.85,0.17058823529411765,0.08470588235294117
0.16666666666666666,0.9,0.18555555555555556,0.1111111111111111
0.16666666666666666,0.95,0.17578947368421052,0.15789473684210525
0.16666666666666666,1.0,0.167,0.2
0.16666666666666666,0.05,0.18,0.34
0.16666666666666666,0.1,0.17,0.31
0.16666666666666666,0.15,0.16,0.29333333333333333
0.16666666666666666,0.2,0.185,0.27
0.16666666666666666,0.25,0.176,0.268
0.16666666666666666,0.3,0.18333333333333332,0.24666666666666667
0.16666666666666666,0.35,0.1742857142857143,0.2342857142857143
0.16666666666666666,0.4,0.1775,0.23
0.16666666666666666,0.45,0.15777777777777777,0.20444444444444446
0.16666666666666666,0.5,0.142,0.184
0.16666666666666666,0.55,0.1290909090909091,0.16727272727272727
0.16666666666666666,0.6,0.11833333333333333,0.15333333333333332
0.16666666666666666,0.65,0.10923076923076923,0.14153846153846153
0.16666666666666666,0.7,0.10142857142857142,0.13142857142857142
0.16666666666666666,0.75,0.09466666666666666,0.12266666666666666
0.16666666666666666,0.8,0.09375,0.115
0.16666666666666666,0.85,0.14705882352941177,0.10823529411764705
0.16666666666666666,0.9,0.18555555555555556,0.1111111111111111
0.16666666666666666,0.95,0.17578947368421052,0.15789473684210525
0.16666666666666666,1.0,0.167,0.2
0.16666666666666666,0.05,0.14,0.36
0.16666666666666666,0.1,0.12,0.37
0.16666666666666666,0.15,0.13333333333333333,0.35333333333333333
0.16666666666666666,0.2,0.17,0.295
0.16666666666666666,0.25,0.176,0.272
0.16666666666666666,0.3,0.17333333333333334,0.26
0.16666666666666666,0.35,0.17714285714285713,0.23714285714285716
0.16666666666666666,0.4,0.1625,0.2175
0.16666666666666666,0.45,0.14444444444444443,0.19333333333333333
0.16666666666666666,0.5,0.13,0.174
0.16666666666666666,0.55,0.11818181818181818,0.15818181818181817
0.16666666666666666,0.6,0.10833333333333334,0.145
0.16666666666666666,0.65,0.1,0.13384615384615384
0.16666666666666666,0.7,0.09285714285714286,0.12428571428571429
0.16666666666666666,0.75,0.08666666666666667,0.116
0.16666666666666666,0.8,0.1,0.10875
0.16666666666666666,0.85,0.15294117647058825,0.10235294117647059
0.16666666666666666,0.9,0.18555555555555556,0.1111111111111111
0.16666666666666666,0.95,0.17578947368421052,0.15789473684210525
0.16666666666666666,1.0,0.167,0.2
0.16666666666666666,0.05,0.12,0.22
0.16666666666666666,0.1,0.14,0.21
0.16666666666666666,0.15,0.16,0.20666666666666667
0.16666666666666666,0.2,0.15,0.22
0.16666666666666666,0.25,0.144,0.192
0.16666666666666666,0.3,0.14333333333333334,0.2
0.16666666666666666,0.35,0.14857142857142858,0.20285714285714285
0.16666666666666666,0.4,0.13,0.1775
0.16666666666666666,0.45,0.11555555555555555,0.15777777777777777
0.16666666666666666,0.5,0.104,0.142
0.16666666666666666,0.55,0.09454545454545454,0.1290909090909091
0.16666666666666666,0.6,0.08666666666666667,0.11833333333333333
0.16666666666666666,0.65,0.08,0.10923076923076923
0.16666666666666666,0.7,0.07428571428571429,0.10142857142857142
0.16666666666666666,0.75,0.06933333333333333,0.09466666666666666
0.16666666666666666,0.8,0.12,0.08875
0.16666666666666666,0.85,0.17176470588235293,0.08352941176470588
0.16666666666666666,0.9,0.18555555555555556,0.1111111111111111
0.16666666666666666,0.95,0.17578947368421052,0.15789473684210525
0.16666666666666666,1.0,0.167,0.2
0.16666666666666666,0.05,0.12,0.26
0.16666666666666666,0.1,0.18,0.22
0.16666666666666666,0.15,0.18,0.2
0.16666666666666666,0.2,0.17,0.205
0.16666666666666666,0.25,0.156,0.224
0.16666666666666666,0.3,0.14333333333333334,0.23
0.16666666666666666,0.35,0.13714285714285715,0.22
0.16666666666666666,0.4,0.12,0.1925
0.16666666666666666,0.45,0.10666666666666667,0.1711111111111111
0.16666666666666666,0.5,0.096,0.154
0.16666666666666666,0.55,0.08727272727272728,0.14
0.16666666666666666,0.6,0.08,0.12833333333333333
0.16666666666666666,0.65,0.07384615384615385,0.11846153846153847
0.16666666666666666,0.7,0.06857142857142857,0.11
0.16666666666666666,0.75,0.064,0.10266666666666667
0.16666666666666666,0.8,0.1125,0.09625
0.16666666666666666,0.85,0.16470588235294117,0.09058823529411765
0.16666666666666666,0.9,0.18555555555555556,0.1111111111111111
0.16666666666666666,0.95,0.17578947368421052,0.15789473684210525
0.16666666666666666,1.0,0.167,0.2
0.2,0.05,0.18,0.18
0.2,0.1,0.2,0.18
0.2,0.15,0.17333333333333334,0.21333333333333335
0.2,0.2,0.18,0.23
0.2,0.25,0.164,0.22
0.2,0.3,0.18333333333333332,0.22
0.2,0.35,0.18,0.22285714285714286
0.2,0.4,0.1575,0.21
0.2,0.45,0.14,0.18666666666666668
0.2,0.5,0.126,0.168
0.2,0.55,0.11454545454545455,0.15272727272727274
0.2,0.6,0.105,0.14
0.2,0.65,0.09692307692307692,0.12923076923076923
0.2,0.7,0.09,0.12
0.2,0.75,0.088,0.112
0.2,0.8,0.145,0.105
0.2,0.85,0.1952941176470588,0.0988235294117647
0.2,0.9,0.2222222222222222,0.1111111111111111
0.2,0.95,0.21052631578947367,0.15789473684210525
0.2,1.0,0.2,0.2
0.2,0.05,0.12,0.3
0.2,0.1,0.15,0.28
0.2,0.15,0.18,0.26
0.2,0.2,0.195,0.25
0.2,0.25,0.2,0.216
0.2,0.3,0.2,0.22333333333333333
0.2,0.35,0.20285714285714285,0.22857142857142856
0.2,0.4,0.1875,0.2
0.2,0.45,0.16666666666666666,0.17777777777777778
0.2,0.5,0.15,0.16
0.2,0.55,0.13636363636363635,0.14545454545454545
0.2,0.6,0.125,0.13333333333333333
0.2,0.65,0.11538461538461539,0.12307692307692308
0.2,0.7,0.10714285714285714,0.11428571428571428
0.2,0.75,0.1,0.10666666666666667
0.2,0.8,0.15,0.1
0.2,0.85,0.2,0.09411764705882353
0.2,0.9,0.2222222222222222,0.1111111111111111
0.2,0.95,0.21052631578947367,0.15789473684210525
0.2,1.0,0.2,0.2
0.2,0.05,0.12,0.26
0.2,0.1,0.19,0.24
0.2,0.15,0.19333333333333333,0.22
0.2,0.2,0.19,0.205
0.2,0.25,0.196,0.216
0.2,0.3,0.21333333333333335,0.21
0.2,0.35,0.21428571428571427,0.20285714285714285
0.2,0.4,0.1975,0.1775
0.2,0.45,0.17555555555555555,0.15777777777777777
0.2,0.5,0.158,0.142
0.2,0.55,0.14363636363636365,0.1290909090909091
0.2,0.6,0.13166666666666665,0.11833333333333333
0.2,0.65,0.12153846153846154,0.10923076923076923
0.2,0.7,0.11285714285714285,0.10142857142857142
0.2,0.75,0.10533333333333333,0.09466666666666666
0.2,0.8,0.16125,0.08875
0.2,0.85,0.21058823529411766,0.08352941176470588
0.2,0.9,0.2222222222222222,0.1111111111111111
0.2,0.95,0.21052631578947367,0.15789473684210525
0.2,1.0,0.2,0.2
0.2,0.05,0.22,0.34
0.2,0.1,0.17,0.25
0.2,0.15,0.17333333333333334,0.24666666666666667
0.2,0.2,0.195,0.22
0.2,0.25,0.2,0.216
0.2,0.3,0.20333333333333334,0.22
0.2,0.35,0.20285714285714285,0.22285714285714286
0.2,0.4,0.1925,0.2125
0.2,0.45,0.1711111111111111,0.18888888888888888
0.2,0.5,0.154,0.17
0.2,0.55,0.14,0.15454545454545454
0.2,0.6,0.12833333333333333,0.14166666666666666
0.2,0.65,0.11846153846153847,0.13076923076923078
0.2,0.7,0.11,0.12142857142857143
0.2,0.75,0.10266666666666667,0.11333333333333333
0.2,0.8,0.14375,0.10625
0.2,0.85,0.19411764705882353,0.1
0.2,0.9,0.2222222222222222,0.1111111111111111
0.2,0.95,0.21052631578947367,0.15789473684210525
0.2,1.0,0.2,0.2
0.2,0.05,0.3,0.3
0.2,0.1,0.22,0.28
0.2,0.15,0.19333333333333333,0.23333333333333334
0.2,0.2,0.185,0.21
0.2,0.25,0.212,0.192
0.2,0.3,0.21,0.19333333333333333
0.2,0.35,0.21428571428571427,0.19714285714285715
0.2,0.4,0.2025,0.195
0.2,0.45,0.18,0.17333333333333334
0.2,0.5,0.162,0.156
0.2,0.55,0.14727272727272728,0.14181818181818182
0.2,0.6,0.135,0.13
0.2,0.65,0.12461538461538461,0.12
0.2,0.7,0.11571428571428571,0.11142857142857143
0.2,0.75,0.108,0.104
0.2,0.8,0.1525,0.0975
0.2,0.85,0.2023529411764706,0.09176470588235294
0.2,0.9,0.2222222222222222,0.1111111111111111
0.2,0.95,0.21052631578947367,0.15789473684210525
0.2,1.0,0.2,0.2
0.2,0.05,0.18,0.2
0.2,0.1,0.17,0.2
0.2,0.15,0.18666666666666668,0.22666666666666666
0.2,0.2,0.16,0.24
0.2,0.25,0.184,0.224
0.2,0.3,0.19666666666666666,0.21666666666666667
0.2,0.35,0.20857142857142857,0.20857142857142857
0.2,0.4,0.1825,0.1925
0.2,0.45,0.1622222222222222,0.1711111111111111
0.2,0.5,0.146,0.154
0.2,0.55,0.13272727272727272,0.14
0.2,0.6,0.12166666666666667,0.12833333333333333
0.2,0.65,0.1123076923076923,0.11846153846153847
0.2,0.7,0.10428571428571429,0.11
0.2,0.75,0.09733333333333333,0.10266666666666667
0.2,0.8,0.15375,0.09625
0.2,0.85,0.20352941176470588,0.09058823529411765
0.2,0.9,0.2222222222222222,0.1111111111111111
0.2,0.95,0.21052631578947367,0.15789473684210525
0.2,1.0,0.2,0.2
0.2,0.05,0.22,0.34
0.2,0.1,0.26,0.25
0.2,0.15,0.24666666666666667,0.23333333333333334
0.2,0.2,0.245,0.225
0.2,0.25,0.216,0.2
0.2,0.3,0.22,0.19333333333333333
0.2,0.35,0.22,0.19714285714285715
0.2,0.4,0.2,0.185
0.2,0.45,0.17777777777777778,0.16444444444444445
0.2,0.5,0.16,0.148
0.2,0.55,0.14545454545454545,0.13454545454545455
0.2,0.6,0.13333333333333333,0.12333333333333334
0.2,0.65,0.12307692307692308,0.11384615384615385
0.2,0.7,0.11428571428571428,0.10571428571428572
0.2,0.75,0.10666666666666667,0.09866666666666667
0.2,0.8,0.1575,0.0925
0.2,0.85,0.20705882352941177,0.08705882352941176
0.2,0.9,0.2222222222222222,0.1111111111111111
0.2,0.95,0.21052631578947367,0.15789473684210525
0.2,1.0,0.2,0.2
0.2,0.05,0.16,0.4
0.2,0.1,0.17,0.34
0.2,0.15,0.20666666666666667,0.32
0.2,0.2,0.205,0.285
0.2,0.25,0.192,0.264
0.2,0.3,0.18333333333333332,0.2733333333333333
0.2,0.35,0.2,0.24857142857142858
0.2,0.4,0.1775,0.22
0.2,0.45,0.15777777777777777,0.19555555555555557
0.2,0.5,0.142,0.176
0.2,0.55,0.1290909090909091,0.16
0.2,0.6,0.11833333333333333,0.14666666666666667
0.2,0.65,0.10923076923076923,0.13538461538461538
0.2,0.7,0.10142857142857142,0.12571428571428572
0.2,0.75,0.09466666666666666,0.11733333333333333
0.2,0.8,0.14,0.11
0.2,0.85,0.19058823529411764,0.10352941176470588
0.2,0.9,0.2222222222222222,0.1111111111111111
0.2,0.95,0.21052631578947367,0.15789473684210525
0.2,1.0,0.2,0.2
0.2,0.05,0.12,0.26
0.2,0.1,0.19,0.23
0.2,0.15,0.18,0.23333333333333334
0.2,0.2,0.185,0.22
0.2,0.25,0.168,0.212
0.2,0.3,0.17333333333333334,0.22666666666666666
0.2,0.35,0.16857142857142857,0.21428571428571427
0.2,0.4,0.1475,0.1875
0.2,0.45,0.13111111111111112,0.16666666666666666
0.2,0.5,0.118,0.15
0.2,0.55,0.10727272727272727,0.13636363636363635
0.2,0.6,0.09833333333333333,0.125
0.2,0.65,0.09076923076923077,0.11538461538461539
0.2,0.7,0.08428571428571428,0.10714285714285714
0.2,0.75,0.1,0.1
0.2,0.8,0.15625,0.09375
0.2,0.85,0.20588235294117646,0.08823529411764706
0.2,0.9,0.2222222222222222,0.1111111111111111
0.2,0.95,0.21052631578947367,0.15789473684210525
0.2,1.0,0.2,0.2
0.2,0.05,0.2,0.3
0.2,0.1,0.23,0.29
0.2,0.15,0.2,0.24666666666666667
0.2,0.2,0.2,0.26
0.2,0.25,0.18,0.232
0.2,0.3,0.18666666666666668,0.23666666666666666
0.2,0.35,0.18857142857142858,0.22857142857142856
0.2,0.4,0.165,0.2
0.2,0.45,0.14666666666666667,0.17777777777777778
0.2,0.5,0.132,0.16
0.2,0.55,0.12,0.14545454545454545
0.2,0.6,0.11,0.13333333333333333
0.2,0.65,0.10153846153846154,0.12307692307692308
0.2,0.7,0.09428571428571429,0.11428571428571428
0.2,0.75,0.09333333333333334,0.10666666666666667
0.2,0.8,0.15,0.1
0.2,0.85,0.2,0.09411764705882353
0.2,0.9,0.2222222222222222,0.1111111111111111
0.2,0.95,0.21052631578947367,0.15789473684210525
0.2,1.0,0.2,0.2
0.23333333333333334,0.05,0.18,0.26
0.23333333333333334,0.1,0.2,0.28
0.23333333333333334,0.15,0.18,0.24666666666666667
0.23333333333333334,0.2,0.215,0.23
0.23333333333333334,0.25,0.212,0.208
0.23333333333333334,0.3,0.23333333333333334,0.21
0.23333333333333334,0.35,0.22,0.20857142857142857
0.23333333333333334,0.4,0.2125,0.195
0.23333333333333334,0.45,0.18888888888888888,0.17333333333333334
0.23333333333333334,0.5,0.17,0.156
0.23333333333333334,0.55,0.15454545454545454,0.14181818181818182
0.23333333333333334,0.6,0.14166666666666666,0.13
0.23333333333333334,0.65,0.13076923076923078,0.12
0.23333333333333334,0.7,0.12142857142857143,0.11142857142857143
0.23333333333333334,0.75,0.14,0.104
0.23333333333333334,0.8,0.19375,0.0975
0.23333333333333334,0.85,0.2411764705882353,0.09176470588235294
0.23333333333333334,0.9,0.2588888888888889,0.1111111111111111
0.23333333333333334,0.95,0.24526315789473685,0.15789473684210525
0.23333333333333334,1.0,0.233,0.2
0.23333333333333334,0.05,0.22,0.26
0.23333333333333334,0.1,0.25,0.2
0.23333333333333334,0.15,0.22666666666666666,0.24666666666666667
0.23333333333333334,0.2,0.225,0.22
0.23333333333333334,0.25,0.224,0.24
0.23333333333333334,0.3,0.22333333333333333,0.23666666666666666
0.23333333333333334,0.35,0.22,0.23714285714285716
0.23333333333333334,0.4,0.1975,0.2075
0.23333333333333334,0.45,0.17555555555555555,0.18444444444444444
0.23333333333333334,0.5,0.158,0.166
0.23333333333333334,0.55,0.14363636363636365,0.1509090909090909
0.23333333333333334,0.6,0.13166666666666665,0.13833333333333334
0.23333333333333334,0.65,0.12153846153846154,0.1276923076923077
0.23333333333333334,0.7,0.11285714285714285,0.11857142857142858
0.23333333333333334,0.75,0.13333333333333333,0.11066666666666666
0.23333333333333334,0.8,0.1875,0.10375
0.23333333333333334,0.85,0.23529411764705882,0.0976470588235294
0.23333333333333334,0.9,0.2588888888888889,0.1111111111111111
0.23333333333333334,0.95,0.24526315789473685,0.15789473684210525
0.23333333333333334,1.0,0.233,0.2
0.23333333333333334,0.05,0.2,0.26
0.23333333333333334,0.1,0.23,0.2
0.23333333333333334,0.15,0.21333333333333335,0.18666666666666668
0.23333333333333334,0.2,0.195,0.195
0.23333333333333334,0.25,0.22,0.188
0.23333333333333334,0.3,0.21333333333333335,0.19666666666666666
0.23333333333333334,0.35,0.21142857142857144,0.2057142857142857
0.23333333333333334,0.4,0.195,0.195
0.23333333333333334,0.45,0.17333333333333334,0.17333333333333334
0.23333333333333334,0.5,0.156,0.156
0.23333333333333334,0.55,0.14181818181818182,0.14181818181818182
0.23333333333333334,0.6,0.13,0.13
0.23333333333333334,0.65,0.12,0.12
0.23333333333333334,0.7,0.11142857142857143,0.11142857142857143
0.23333333333333334,0.75,0.14,0.104
0.23333333333333334,0.8,0.19375,0.0975
0.23333333333333334,0.85,0.2411764705882353,0.09176470588235294
0.23333333333333334,0.9,0.2588888888888889,0.1111111111111111
0.23333333333333334,0.95,0.24526315789473685,0.15789473684210525
0.23333333333333334,1.0,0.233,0.2
0.23333333333333334,0.05,0.24,0.36
0.23333333333333334,0.1,0.22,0.31
0.23333333333333334,0.15,0.22,0.2733333333333333
0.23333333333333334,0.2,0.215,0.25
0.23333333333333334,0.25,0.22,0.244
0.23333333333333334,0.3,0.21333333333333335,0.23666666666666666
0.23333333333333334,0.35,0.21428571428571427,0.22
0.23333333333333334,0.4,0.2075,0.2
0.23333333333333334,0.45,0.18444444444444444,0.17777777777777778
0.23333333333333334,0.5,0.166,0.16
0.23333333333333334,0.55,0.1509090909090909,0.14545454545454545
0.23333333333333334,0.6,0.13833333333333334,0.13333333333333333
0.23333333333333334,0.65,0.1276923076923077,0.12307692307692308
0.23333333333333334,0.7,0.11857142857142858,0.11428571428571428
0.23333333333333334,0.75,0.13733333333333334,0.10666666666666667
0.23333333333333334,0.8,0.19125,0.1
0.23333333333333334,0.85,0.2388235294117647,0.09411764705882353
0.23333333333333334,0.9,0.2588888888888889,0.1111111111111111
0.23333333333333334,0.95,0.24526315789473685,0.15789473684210525
0.23333333333333334,1.0,0.233,0.2
0.23333333333333334,0.05,0.22,0.34
0.23333333333333334,0.1,0.22,0.28
0.23333333333333334,0.15,0.22,0.25333333333333335
0.23333333333333334,0.2,0.255,0.24
0.23333333333333334,0.25,0.228,0.208
0.23333333333333334,0.3,0.23,0.20666666666666667
0.23333333333333334,0.35,0.2342857142857143,0.22
0.23333333333333334,0.4,0.215,0.195
0.23333333333333334,0.45,0.19111111111111112,0.17333333333333334
0.23333333333333334,0.5,0.172,0.156
0.23333333333333334,0.55,0.15636363636363637,0.14181818181818182
0.23333333333333334,0.6,0.14333333333333334,0.13
0.23333333333333334,0.65,0.13230769230769232,0.12
0.23333333333333334,0.7,0.12285714285714286,0.11142857142857143
0.23333333333333334,0.75,0.14,0.104
0.23333333333333334,0.8,0.19375,0.0975
0.23333333333333334,0.85,0.2411764705882353,0.09176470588235294
0.23333333333333334,0.9,0.2588888888888889,0.1111111111111111
0.23333333333333334,0.95,0.24526315789473685,0.15789473684210525
0.23333333333333334,1.0,0.233,0.2
0.23333333333333334,0.05,0.18,0.22
0.23333333333333334,0.1,0.15,0.25
0.23333333333333334,0.15,0.16,0.26666666666666666
0.23333333333333334,0.2,0.195,0.25
0.23333333333333334,0.25,0.208,0.244
0.23333333333333334,0.3,0.22333333333333333,0.24333333333333335
0.23333333333333334,0.35,0.22,0.24857142857142858
0.23333333333333334,0.4,0.1925,0.2175
0.23333333333333334,0.45,0.1711111111111111,0.19333333333333333
0.23333333333333334,0.5,0.154,0.174
0.23333333333333334,0.55,0.14,0.15818181818181817
0.23333333333333334,0.6,0.12833333333333333,0.145
0.23333333333333334,0.65,0.11846153846153847,0.13384615384615384
0.23333333333333334,0.7,0.11,0.12428571428571429
0.23333333333333334,0.75,0.128,0.116
0.23333333333333334,0.8,0.1825,0.10875
0.23333333333333334,0.85,0.23058823529411765,0.10235294117647059
0.23333333333333334,0.9,0.2588888888888889,0.1111111111111111
0.23333333333333334,0.95,0.24526315789473685,0.15789473684210525
0.23333333333333334,1.0,0.233,0.2
0.23333333333333334,0.05,0.22,0.32
0.23333333333333334,0.1,0.22,0.3
0.23333333333333334,0.15,0.23333333333333334,0.2733333333333333
0.23333333333333334,0.2,0.24,0.235
0.23333333333333334,0.25,0.244,0.208
0.23333333333333334,0.3,0.23666666666666666,0.20333333333333334
0.23333333333333334,0.35,0.24571428571428572,0.19428571428571428
0.23333333333333334,0.4,0.22,0.1875
0.23333333333333334,0.45,0.19555555555555557,0.16666666666666666
0.23333333333333334,0.5,0.176,0.15
0.23333333333333334,0.55,0.16,0.13636363636363635
0.23333333333333334,0.6,0.14666666666666667,0.125
0.23333333333333334,0.65,0.13538461538461538,0.11538461538461539
0.23333333333333334,0.7,0.12571428571428572,0.10714285714285714
0.23333333333333334,0.75,0.144,0.1
0.23333333333333334,0.8,0.1975,0.09375
0.23333333333333334,0.85,0.2447058823529412,0.08823529411764706
0.23333333333333334,0.9,0.2588888888888889,0.1111111111111111
0.23333333333333334,0.95,0.24526315789473685,0.15789473684210525
0.23333333333333334,1.0,0.233,0.2
0.23333333333333334,0.05,0.14,0.42
0.23333333333333334,0.1,0.16,0.37
0.23333333333333334,0.15,0.16666666666666666,0.34
0.23333333333333334,0.2,0.195,0.29
0.23333333333333334,0.25,0.208,0.252
0.23333333333333334,0.3,0.21,0.24666666666666667
0.23333333333333334,0.35,0.22285714285714286,0.23714285714285716
0.23333333333333334,0.4,0.205,0.215
0.23333333333333334,0.45,0.18222222222222223,0.19111111111111112
0.23333333333333334,0.5,0.164,0.172
0.23333333333333334,0.55,0.14909090909090908,0.15636363636363637
0.23333333333333334,0.6,0.13666666666666666,0.14333333333333334
0.23333333333333334,0.65,0.12615384615384614,0.13230769230769232
0.23333333333333334,0.7,0.11714285714285715,0.12285714285714286
0.23333333333333334,0.75,0.12933333333333333,0.11466666666666667
0.23333333333333334,0.8,0.18375,0.1075
0.23333333333333334,0.85,0.23176470588235293,0.1011764705882353
0.23333333333333334,0.9,0.2588888888888889,0.1111111111111111
0.23333333333333334,0.95,0.24526315789473685,0.15789473684210525
0.23333333333333334,1.0,0.233,0.2
0.23333333333333334,0.05,0.14,0.36
0.23333333333333334,0.1,0.2,0.25
0.23333333333333334,0.15,0.22666666666666666,0.21333333333333335
0.23333333333333334,0.2,0.21,0.215
0.23333333333333334,0.25,0.22,0.192
0.23333333333333334,0.3,0.21666666666666667,0.20666666666666667
0.23333333333333334,0.35,0.21428571428571427,0.22
0.23333333333333334,0.4,0.1875,0.195
0.23333333333333334,0.45,0.16666666666666666,0.17333333333333334
0.23333333333333334,0.5,0.15,0.156
0.23333333333333334,0.55,0.13636363636363635,0.14181818181818182
0.23333333333333334,0.6,0.125,0.13
0.23333333333333334,0.65,0.11538461538461539,0.12
0.23333333333333334,0.7,0.10714285714285714,0.11142857142857143
0.23333333333333334,0.75,0.14,0.104
0.23333333333333334,0.8,0.19375,0.0975
0.23333333333333334,0.85,0.2411764705882353,0.09176470588235294
0.23333333333333334,0.9,0.2588888888888889,0.1111111111111111
0.23333333333333334,0.95,0.24526315789473685,0.15789473684210525
0.23333333333333334,1.0,0.233,0.2
0.23333333333333334,0.05,0.16,0.38
0.23333333333333334,0.1,0.24,0.29
0.23333333333333334,0.15,0.22,0.26666666666666666
0.23333333333333334,0.2,0.25,0.225
0.23333333333333334,0.25,0.232,0.232
0.23333333333333334,0.3,0.22666666666666666,0.22333333333333333
0.23333333333333334,0.35,0.23714285714285716,0.22
0.23333333333333334,0.4,0.215,0.2
0.23333333333333334,0.45,0.19111111111111112,0.17777777777777778
0.23333333333333334,0.5,0.172,0.16
0.23333333333333334,0.55,0.15636363636363637,0.14545454545454545
0.23333333333333334,0.6,0.14333333333333334,0.13333333333333333
0.23333333333333334,0.65,0.13230769230769232,0.12307692307692308
0.23333333333333334,0.7,0.12285714285714286,0.11428571428571428
0.23333333333333334,0.75,0.13733333333333334,0.10666666666666667
0.23333333333333334,0.8,0.19125,0.1
0.23333333333333334,0.85,0.2388235294117647,0.09411764705882353
0.23333333333333334,0.9,0.2588888888888889,0.1111111111111111
0.23333333333333334,0.95,0.24526315789473685,0.15789473684210525
0.23333333333333334,1.0,0.233,0.2
0.26666666666666666,0.05,0.18,0.34
0.26666666666666666,0.1,0.22,0.25
0.26666666666666666,0.15,0.2,0.2733333333333333
0.26666666666666666,0.2,0.205,0.25
0.26666666666666666,0.25,0.24,0.224
0.26666666666666666,0.3,0.23666666666666666,0.22333333333333333
0.26666666666666666,0.35,0.24,0.21428571428571427
0.26666666666666666,0.4,0.21,0.19
0.26666666666666666,0.45,0.18666666666666668,0.1688888888888889
0.26666666666666666,0.5,0.168,0.152
0.26666666666666666,0.55,0.15272727272727274,0.13818181818181818
0.26666666666666666,0.6,0.14,0.12666666666666668
0.26666666666666666,0.65,0.12923076923076923,0.11692307692307692
0.26666666666666666,0.7,0.13,0.10857142857142857
0.26666666666666666,0.75,0.188,0.10133333333333333
0.26666666666666666,0.8,0.23875,0.095
0.26666666666666666,0.85,0.28352941176470586,0.08941176470588236
0.26666666666666666,0.9,0.2966666666666667,0.1111111111111111
0.26666666666666666,0.95,0.2810526315789474,0.15789473684210525
0.26666666666666666,1.0,0.267,0.2
0.26666666666666666,0.05,0.22,0.36
0.26666666666666666,0.1,0.26,0.29
0.26666666666666666,0.15,0.24666666666666667,0.2866666666666667
0.26666666666666666,0.2,0.27,0.255
0.26666666666666666,0.25,0.268,0.248
0.26666666666666666,0.3,0.2733333333333333,0.24
0.26666666666666666,0.35,0.2742857142857143,0.23714285714285716
0.26666666666666666,0.4,0.25,0.2175
0.26666666666666666,0.45,0.2222222222222222,0.19333333333333333
0.26666666666666666,0.5,0.2,0.174
0.26666666666666666,0.55,0.18181818181818182,0.15818181818181817
0.26666666666666666,0.6,0.16666666666666666,0.145
0.26666666666666666,0.65,0.15384615384615385,0.13384615384615384
0.26666666666666666,0.7,0.14285714285714285,0.12428571428571429
0.26666666666666666,0.75,0.17333333333333334,0.116
0.26666666666666666,0.8,0.225,0.10875
0.26666666666666666,0.85,0.27058823529411763,0.10235294117647059
0.26666666666666666,0.9,0.2966666666666667,0.1111111111111111
0.26666666666666666,0.95,0.2810526315789474,0.15789473684210525
0.26666666666666666,1.0,0.267,0.2
0.26666666666666666,0.05,0.26,0.32
0.26666666666666666,0.1,0.24,0.23
0.26666666666666666,0.15,0.21333333333333335,0.24666666666666667
0.26666666666666666,0.2,0.245,0.235
0.26666666666666666,0.25,0.236,0.228
0.26666666666666666,0.3,0.25,0.21333333333333335
0.26666666666666666,0.35,0.24571428571428572,0.2057142857142857
0.26666666666666666,0.4,0.215,0.18
0.26666666666666666,0.45,0.19111111111111112,0.16
0.26666666666666666,0.5,0.172,0.144
0.26666666666666666,0.55,0.15636363636363637,0.13090909090909092
0.26666666666666666,0.6,0.14333333333333334,0.12
0.26666666666666666,0.65,0.13230769230769232,0.11076923076923077
0.26666666666666666,0.7,0.1357142857142857,0.10285714285714286
0.26666666666666666,0.75,0.19333333333333333,0.096
0.26666666666666666,0.8,0.24375,0.09
0.26666666666666666,0.85,0.28823529411764703,0.08470588235294117
0.26666666666666666,0.9,0.2966666666666667,0.1111111111111111
0.26666666666666666,0.95,0.2810526315789474,0.15789473684210525
0.26666666666666666,1.0,0.267,0.2
0.26666666666666666,0.05,0.14,0.46
0.26666666666666666,0.1,0.22,0.34
0.26666666666666666,0.15,0.2866666666666667,0.29333333333333333
0.26666666666666666,0.2,0.27,0.26
0.26666666666666666,0.25,0.28,0.252
0.26666666666666666,0.3,0.26666666666666666,0.23666666666666666
0.26666666666666666,0.35,0.2571428571428571,0.24285714285714285
0.26666666666666666,0.4,0.2375,0.215
0.26666666666666666,0.45,0.2111111111111111,0.19111111111111112
0.26666666666666666,0.5,0.19,0.172
0.26666666666666666,0.55,0.17272727272727273,0.15636363636363637
0.26666666666666666,0.6,0.15833333333333333,0.14333333333333334
0.26666666666666666,0.65,0.14615384615384616,0.13230769230769232
0.26666666666666666,0.7,0.1357142857142857,0.12285714285714286
0.26666666666666666,0.75,0.17466666666666666,0.11466666666666667
0.26666666666666666,0.8,0.22625,0.1075
0.26666666666666666,0.85,0.27176470588235296,0.1011764705882353
0.26666666666666666,0.9,0.2966666666666667,0.1111111111111111
0.26666666666666666,0.95,0.2810526315789474,0.15789473684210525
0.26666666666666666,1.0,0.267,0.2
0.26666666666666666,0.05,0.22,0.32
0.26666666666666666,0.1,0.26,0.3
0.26666666666666666,0.15,0.23333333333333334,0.30666666666666664
0.26666666666666666,0.2,0.255,0.265
0.26666666666666666,0.25,0.264,0.244
0.26666666666666666,0.3,0.2833333333333333,0.22666666666666666
0.26666666666666666,0.35,0.28,0.21714285714285714
0.26666666666666666,0.4,0.2575,0.1975
0.26666666666666666,0.45,0.2288888888888889,0.17555555555555555
0.26666666666666666,0.5,0.206,0.158
0.26666666666666666,0.55,0.18727272727272729,0.14363636363636365
0.26666666666666666,0.6,0.17166666666666666,0.13166666666666665
0.26666666666666666,0.65,0.15846153846153846,0.12153846153846154
0.26666666666666666,0.7,0.14714285714285713,0.11285714285714285
0.26666666666666666,0.75,0.184,0.10533333333333333
0.26666666666666666,0.8,0.235,0.09875
0.26666666666666666,0.85,0.28,0.09294117647058824
0.26666666666666666,0.9,0.2966666666666667,0.1111111111111111
0.26666666666666666,0.95,0.2810526315789474,0.15789473684210525
0.26666666666666666,1.0,0.267,0.2
0.26666666666666666,0.05,0.18,0.34
0.26666666666666666,0.1,0.19,0.26
0.26666666666666666,0.15,0.17333333333333334,0.26666666666666666
0.26666666666666666,0.2,0.195,0.265
0.26666666666666666,0.25,0.216,0.244
0.26666666666666666,0.3,0.22,0.26
0.26666666666666666,0.35,0.23142857142857143,0.24571428571428572
0.26666666666666666,0.4,0.2275,0.2325
0.26666666666666666,0.45,0.20222222222222222,0.20666666666666667
0.26666666666666666,0.5,0.182,0.186
0.26666666666666666,0.55,0.16545454545454547,0.1690909090909091
0.26666666666666666,0.6,0.15166666666666667,0.155
0.26666666666666666,0.65,0.14,0.14307692307692307
0.26666666666666666,0.7,0.13,0.13285714285714287
0.26666666666666666,0.75,0.16533333333333333,0.124
0.26666666666666666,0.8,0.2175,0.11625
0.26666666666666666,0.85,0.2635294117647059,0.10941176470588235
0.26666666666666666,0.9,0.2966666666666667,0.1111111111111111
0.26666666666666666,0.95,0.2810526315789474,0.15789473684210525
0.26666666666666666,1.0,0.267,0.2
0.26666666666666666,0.05,0.34,0.3
0.26666666666666666,0.1,0.28,0.32
0.26666666666666666,0.15,0.25333333333333335,0.2733333333333333
0.26666666666666666,0.2,0.275,0.24
0.26666666666666666,0.25,0.288,0.22
0.26666666666666666,0.3,0.2866666666666667,0.24
0.26666666666666666,0.35,0.2885714285714286,0.22857142857142856
0.26666666666666666,0.4,0.2675,0.2175
0.26666666666666666,0.45,0.23777777777777778,0.19333333333333333
0.26666666666666666,0.5,0.214,0.174
0.26666666666666666,0.55,0.19454545454545455,0.15818181818181817
0.26666666666666666,0.6,0.17833333333333334,0.145
0.26666666666666666,0.65,0.1646153846153846,0.13384615384615384
0.26666666666666666,0.7,0.15285714285714286,0.12428571428571429
0.26666666666666666,0.75,0.17333333333333334,0.116
0.26666666666666666,0.8,0.225,0.10875
0.26666666666666666,0.85,0.27058823529411763,0.10235294117647059
0.26666666666666666,0.9,0.2966666666666667,0.1111111111111111
0.26666666666666666,0.95,0.2810526315789474,0.15789473684210525
0.26666666666666666,1.0,0.267,0.2
0.26666666666666666,0.05,0.24,0.44
0.26666666666666666,0.1,0.26,0.39
0.26666666666666666,0.15,0.2733333333333333,0.3466666666666667
0.26666666666666666,0.2,0.265,0.31
0.26666666666666666,0.25,0.244,0.288
0.26666666666666666,0.3,0.24333333333333335,0.2733333333333333
0.26666666666666666,0.35,0.24571428571428572,0.26285714285714284
0.26666666666666666,0.4,0.22,0.24
0.26666666666666666,0.45,0.19555555555555557,0.21333333333333335
0.26666666666666666,0.5,0.176,0.192
0.26666666666666666,0.55,0.16,0.17454545454545456
0.26666666666666666,0.6,0.14666666666666667,0.16
0.26666666666666666,0.65,0.13538461538461538,0.1476923076923077
0.26666666666666666,0.7,0.12571428571428572,0.13714285714285715
0.26666666666666666,0.75,0.16133333333333333,0.128
0.26666666666666666,0.8,0.21375,0.12
0.26666666666666666,0.85,0.26,0.11294117647058824
0.26666666666666666,0.9,0.2966666666666667,0.1111111111111111
0.26666666666666666,0.95,0.2810526315789474,0.15789473684210525
0.26666666666666666,1.0,0.267,0.2
0.26666666666666666,0.05,0.16,0.26
0.26666666666666666,0.1,0.25,0.17
0.26666666666666666,0.15,0.24,0.22666666666666666
0.26666666666666666,0.2,0.22,0.245
0.26666666666666666,0.25,0.236,0.252
0.26666666666666666,0.3,0.24333333333333335,0.24666666666666667
0.26666666666666666,0.35,0.25142857142857145,0.23714285714285716
0.26666666666666666,0.4,0.2275,0.21
0.26666666666666666,0.45,0.20222222222222222,0.18666666666666668
0.26666666666666666,0.5,0.182,0.168
0.26666666666666666,0.55,0.16545454545454547,0.15272727272727274
0.26666666666666666,0.6,0.15166666666666667,0.14
0.26666666666666666,0.65,0.14,0.12923076923076923
0.26666666666666666,0.7,0.13,0.12
0.26666666666666666,0.75,0.17733333333333334,0.112
0.26666666666666666,0.8,0.22875,0.105
0.26666666666666666,0.85,0.2741176470588235,0.0988235294117647
0.26666666666666666,0.9,0.2966666666666667,0.1111111111111111
0.26666666666666666,0.95,0.2810526315789474,0.15789473684210525
0.26666666666666666,1.0,0.267,0.2
0.26666666666666666,0.05,0.24,0.34
0.26666666666666666,0.1,0.27,0.24
0.26666666666666666,0.15,0.26,0.26
0.26666666666666666,0.2,0.255,0.255
0.26666666666666666,0.25,0.244,0.244
0.26666666666666666,0.3,0.25666666666666665,0.24333333333333335
0.26666666666666666,0.35,0.26,0.24
0.26666666666666666,0.4,0.23,0.215
0.26666666666666666,0.45,0.20444444444444446,0.19111111111111112
0.26666666666666666,0.5,0.184,0.172
0.26666666666666666,0.55,0.16727272727272727,0.15636363636363637
0.26666666666666666,0.6,0.15333333333333332,0.14333333333333334
0.26666666666666666,0.65,0.14153846153846153,0.13230769230769232
0.26666666666666666,0.7,0.13142857142857142,0.12285714285714286
0.26666666666666666,0.75,0.17466666666666666,0.11466666666666667
0.26666666666666666,0.8,0.22625,0.1075
0.26666666666666666,0.85,0.27176470588235296,0.1011764705882353
0.26666666666666666,0.9,0.2966666666666667,0.1111111111111111
0.26666666666666666,0.95,0.2810526315789474,0.15789473684210525
0.26666666666666666,1.0,0.267,0.2
0.3,0.05,0.26,0.34
0.3,0.1,0.21,0.33
0.3,0.15,0.24666666666666667,0.3
0.3,0.2,0.275,0.275
0.3,0.25,0.3,0.232
0.3,0.3,0.2966666666666667,0.23666666666666666
0.3,0.35,0.3057142857142857,0.22285714285714286
0.3,0.4,0.28,0.2025
0.3,0.45,0.24888888888888888,0.18
0.3,0.5,0.224,0.162
0.3,0.55,0.20363636363636364,0.14727272727272728
0.3,0.6,0.18666666666666668,0.135
0.3,0.65,0.1723076923076923,0.12461538461538461
0.3,0.7,0.17,0.11571428571428571
0.3,0.75,0.22533333333333333,0.108
0.3,0.8,0.27375,0.10125
0.3,0.85,0.3164705882352941,0.09529411764705882
0.3,0.9,0.3333333333333333,0.1111111111111111
0.3,0.95,0.3157894736842105,0.15789473684210525
0.3,1.0,0.3,0.2
0.3,0.05,0.26,0.44
0.3,0.1,0.3,0.3
0.3,0.15,0.31333333333333335,0.25333333333333335
0.3,0.2,0.315,0.245
0.3,0.25,0.304,0.22
0.3,0.3,0.32666666666666666,0.20666666666666667
0.3,0.35,0.32857142857142857,0.2057142857142857
0.3,0.4,0.2925,0.1825
0.3,0.45,0.26,0.1622222222222222
0.3,0.5,0.234,0.146
0.3,0.55,0.21272727272727274,0.13272727272727272
0.3,0.6,0.195,0.12166666666666667
0.3,0.65,0.18,0.1123076923076923
0.3,0.7,0.18142857142857144,0.10428571428571429
0.3,0.75,0.236,0.09733333333333333
0.3,0.8,0.28375,0.09125
0.3,0.85,0.32588235294117646,0.08588235294117647
0.3,0.9,0.3333333333333333,0.1111111111111111
0.3,0.95,0.3157894736842105,0.15789473684210525
0.3,1.0,0.3,0.2
0.3,0.05,0.22,0.44
0.3,0.1,0.29,0.32
0.3,0.15,0.35333333333333333,0.26666666666666666
0.3,0.2,0.34,0.25
0.3,0.25,0.3,0.22
0.3,0.3,0.30333333333333334,0.21
0.3,0.35,0.3142857142857143,0.2057142857142857
0.3,0.4,0.3,0.1875
0.3,0.45,0.26666666666666666,0.16666666666666666
0.3,0.5,0.24,0.15
0.3,0.55,0.21818181818181817,0.13636363636363635
0.3,0.6,0.2,0.125
0.3,0.65,0.18461538461538463,0.11538461538461539
0.3,0.7,0.17857142857142858,0.10714285714285714
0.3,0.75,0.23333333333333334,0.1
0.3,0.8,0.28125,0.09375
0.3,0.85,0.3235294117647059,0.08823529411764706
0.3,0.9,0.3333333333333333,0.1111111111111111
0.3,0.95,0.3157894736842105,0.15789473684210525
0.3,1.0,0.3,0.2
0.3,0.05,0.18,0.46
0.3,0.1,0.25,0.37
0.3,0.15,0.22,0.36
0.3,0.2,0.22,0.315
0.3,0.25,0.26,0.28
0.3,0.3,0.27666666666666667,0.25666666666666665
0.3,0.35,0.3,0.23714285714285716
0.3,0.4,0.2625,0.2075
0.3,0.45,0.23333333333333334,0.18444444444444444
0.3,0.5,0.21,0.166
0.3,0.55,0.19090909090909092,0.1509090909090909
0.3,0.6,0.175,0.13833333333333334
0.3,0.65,0.16153846153846155,0.1276923076923077
0.3,0.7,0.16714285714285715,0.11857142857142858
0.3,0.75,0.22266666666666668,0.11066666666666666
0.3,0.8,0.27125,0.10375
0.3,0.85,0.31411764705882356,0.0976470588235294
0.3,0.9,0.3333333333333333,0.1111111111111111
0.3,0.95,0.3157894736842105,0.15789473684210525
0.3,1.0,0.3,0.2
0.3,0.05,0.3,0.28
0.3,0.1,0.32,0.3
0.3,0.15,0.3,0.2733333333333333
0.3,0.2,0.315,0.25
0.3,0.25,0.304,0.228
0.3,0.3,0.30666666666666664,0.20666666666666667
0.3,0.35,0.30857142857142855,0.21142857142857144
0.3,0.4,0.2725,0.1875
0.3,0.45,0.24222222222222223,0.16666666666666666
0.3,0.5,0.218,0.15
0.3,0.55,0.19818181818181818,0.13636363636363635
0.3,0.6,0.18166666666666667,0.125
0.3,0.65,0.1676923076923077,0.11538461538461539
0.3,0.7,0.17857142857142858,0.10714285714285714
0.3,0.75,0.23333333333333334,0.1
0.3,0.8,0.28125,0.09375
0.3,0.85,0.3235294117647059,0.08823529411764706
0.3,0.9,0.3333333333333333,0.1111111111111111
0.3,0.95,0.3157894736842105,0.15789473684210525
0.3,1.0,0.3,0.2
0.3,0.05,0.24,0.34
0.3,0.1,0.2,0.32
0.3,0.15,0.22666666666666666,0.2866666666666667
0.3,0.2,0.245,0.275
0.3,0.25,0.26,0.244
0.3,0.3,0.25,0.24333333333333335
0.3,0.35,0.26857142857142857,0.23714285714285716
0.3,0.4,0.265,0.2275
0.3,0.45,0.23555555555555555,0.20222222222222222
0.3,0.5,0.212,0.182
0.3,0.55,0.19272727272727272,0.16545454545454547
0.3,0.6,0.17666666666666667,0.15166666666666667
0.3,0.65,0.16307692307692306,0.14
0.3,0.7,0.15571428571428572,0.13
0.3,0.75,0.212,0.12133333333333333
0.3,0.8,0.26125,0.11375
0.3,0.85,0.30470588235294116,0.10705882352941176
0.3,0.9,0.3333333333333333,0.1111111111111111
0.3,0.95,0.3157894736842105,0.15789473684210525
0.3,1.0,0.3,0.2
0.3,0.05,0.28,0.44
0.3,0.1,0.26,0.3
0.3,0.15,0.2733333333333333,0.28
0.3,0.2,0.295,0.26
0.3,0.25,0.3,0.26
0.3,0.3,0.30333333333333334,0.24666666666666667
0.3,0.35,0.2914285714285714,0.24285714285714285
0.3,0.4,0.2675,0.235
0.3,0.45,0.23777777777777778,0.2088888888888889
0.3,0.5,0.214,0.188
0.3,0.55,0.19454545454545455,0.1709090909090909
0.3,0.6,0.17833333333333334,0.15666666666666668
0.3,0.65,0.1646153846153846,0.14461538461538462
0.3,0.7,0.15285714285714286,0.13428571428571429
0.3,0.75,0.208,0.12533333333333332
0.3,0.8,0.2575,0.1175
0.3,0.85,0.30117647058823527,0.11058823529411765
0.3,0.9,0.3333333333333333,0.1111111111111111
0.3,0.95,0.3157894736842105,0.15789473684210525
0.3,1.0,0.3,0.2
0.3,0.05,0.26,0.46
0.3,0.1,0.3,0.35
0.3,0.15,0.26666666666666666,0.3466666666666667
0.3,0.2,0.285,0.3
0.3,0.25,0.28,0.268
0.3,0.3,0.2833333333333333,0.2633333333333333
0.3,0.35,0.2914285714285714,0.24857142857142858
0.3,0.4,0.26,0.2275
0.3,0.45,0.2311111111111111,0.20222222222222222
0.3,0.5,0.208,0.182
0.3,0.55,0.1890909090909091,0.16545454545454547
0.3,0.6,0.17333333333333334,0.15166666666666667
0.3,0.65,0.16,0.14
0.3,0.7,0.15571428571428572,0.13
0.3,0.75,0.212,0.12133333333333333
0.3,0.8,0.26125,0.11375
0.3,0.85,0.30470588235294116,0.10705882352941176
0.3,0.9,0.3333333333333333,0.1111111111111111
0.3,0.95,0.3157894736842105,0.15789473684210525
0.3,1.0,0.3,0.2
0.3,0.05,0.2,0.26
0.3,0.1,0.25,0.22
0.3,0.15,0.24,0.23333333333333334
0.3,0.2,0.26,0.21
0.3,0.25,0.252,0.224
0.3,0.3,0.26666666666666666,0.23
0.3,0.35,0.2714285714285714,0.2257142857142857
0.3,0.4,0.245,0.2075
0.3,0.45,0.21777777777777776,0.18444444444444444
0.3,0.5,0.196,0.166
0.3,0.55,0.1781818181818182,0.1509090909090909
0.3,0.6,0.16333333333333333,0.13833333333333334
0.3,0.65,0.15076923076923077,0.1276923076923077
0.3,0.7,0.16714285714285715,0.11857142857142858
0.3,0.75,0.22266666666666668,0.11066666666666666
0.3,0.8,0.27125,0.10375
0.3,0.85,0.31411764705882356,0.0976470588235294
0.3,0.9,0.3333333333333333,0.1111111111111111
0.3,0.95,0.3157894736842105,0.15789473684210525
0.3,1.0,0.3,0.2
0.3,0.05,0.2,0.4
0.3,0.1,0.27,0.31
0.3,0.15,0.25333333333333335,0.31333333333333335
0.3,0.2,0.275,0.295
0.3,0.25,0.264,0.3
0.3,0.3,0.27,0.2733333333333333
0.3,0.35,0.26571428571428574,0.2542857142857143
0.3,0.4,0.2375,0.2225
0.3,0.45,0.2111111111111111,0.19777777777777777
0.3,0.5,0.19,0.178
0.3,0.55,0.17272727272727273,0.1618181818181818
0.3,0.6,0.15833333333333333,0.14833333333333334
0.3,0.65,0.14615384615384616,0.13692307692307693
0.3,0.7,0.15857142857142856,0.12714285714285714
0.3,0.75,0.21466666666666667,0.11866666666666667
0.3,0.8,0.26375,0.11125
0.3,0.85,0.3070588235294118,0.10470588235294118
0.3,0.9,0.3333333333333333,0.1111111111111111
0.3,0.95,0.3157894736842105,0.15789473684210525
0.3,1.0,0.3,0.2
