Source,Target,sign
0,135,1
0,282,1
0,468,1
0,508,1
0,1083,1
0,1630,1
0,1856,1
0,1879,1
0,1883,1
0,1897,1
0,1940,1
1,1601,1
1,1864,1
1,1881,1
1,1883,1
2,579,1
2,769,1
2,1349,1
2,1623,1
2,1630,1
3,476,1
3,577,1
3,1068,1
3,1082,1
3,1404,1
3,1630,1
3,1687,1
3,1717,1
3,1737,1
3,1879,1
3,1972,1
4,1159,1
4,1864,1
4,1870,1
5,1158,1
5,1742,1
5,1769,1
7,95,1
7,664,1
7,1737,1
8,682,1
8,1879,1
9,1717,1
10,513,1
10,929,1
10,1354,1
10,1737,1
11,1620,1
11,1774,1
12,596,1
12,829,1
13,485,1
13,1907,1
14,1523,1
14,1713,1
14,1883,1
14,1894,1
14,1916,1
14,1918,1
14,1925,1
15,211,1
15,895,1
15,1864,1
16,33,1
16,102,1
17,10,1
17,1624,1
17,1653,1
18,97,1
18,1630,1
18,1864,1
18,1925,1
19,366,1
19,649,1
20,401,1
20,676,1
20,851,1
20,884,1
20,1742,1
21,1061,1
21,1721,1
21,1737,1
21,1804,1
22,1150,1
22,1436,1
22,1716,1
22,1864,1
22,1870,1
22,1879,1
22,1885,1
23,1640,1
24,628,1
24,710,1
24,872,1
24,1645,1
24,1692,1
24,1737,1
25,324,1
25,466,1
25,1121,1
25,1257,1
25,1611,1
25,1630,1
25,1703,1
25,1716,1
25,1782,1
25,1864,1
25,1879,1
25,1956,1
25,1994,1
26,442,1
26,518,1
26,1737,1
26,1879,1
26,1934,1
27,874,1
27,1511,1
27,1583,1
27,1727,1
28,1756,1
29,38,1
29,1630,1
29,1645,1
29,1756,1
29,1883,1
30,1014,1
30,1630,1
30,1644,1
30,1645,1
30,1864,1
30,1934,1
31,1645,1
31,1717,1
31,1805,1
31,1864,1
31,1940,1
32,348,1
32,518,1
32,534,1
32,1059,1
32,1315,1
32,1559,1
32,1653,1
32,1724,1
32,1774,1
32,1785,1
32,1831,1
32,1843,1
32,1877,1
32,1879,1
32,1882,1
32,1883,1
32,1920,1
33,56,1
33,916,1
33,929,1
33,1623,1
33,1630,1
33,1983,1
35,518,1
35,676,1
35,1630,1
36,485,1
36,568,1
36,872,1
36,1630,1
36,1864,1
36,1907,1
37,273,1
37,518,1
37,628,1
37,684,1
38,1718,1
38,1864,1
40,187,1
40,739,1
41,1630,1
42,577,1
42,1271,1
42,1737,1
42,1983,1
43,1679,1
43,1756,1
44,1170,1
44,1737,1
44,1809,1
44,1864,1
45,1671,1
45,1737,1
45,1738,1
46,197,1
46,1828,1
46,1864,1
46,1979,1
47,1645,1
47,1879,1
47,1920,1
48,1724,1
48,1725,1
48,1886,1
48,1902,1
48,1991,1
49,1253,1
49,1617,1
49,1737,1
50,1383,1
50,1737,1
50,1823,1
50,1882,1
50,1968,1
51,1630,1
51,1831,1
51,1928,1
52,1645,1
53,636,1
53,681,1
53,1159,1
53,1474,1
53,1864,1
53,1991,1
54,710,1
54,1036,1
54,1159,1
54,1630,1
54,1724,1
54,1737,1
54,1774,1
54,1811,1
55,40,1
55,79,1
55,173,1
55,188,1
55,325,1
55,329,1
55,401,1
55,579,1
55,636,1
55,782,1
55,804,1
55,829,1
55,910,1
55,929,1
55,1158,1
55,1177,1
55,1200,1
55,1275,1
55,1301,1
55,1537,1
55,1567,1
55,1582,1
55,1599,1
55,1670,1
55,1679,1
55,1683,1
55,1705,1
55,1724,1
55,1737,1
55,1742,1
55,1784,1
55,1823,1
55,1848,1
55,1864,1
55,1882,1
55,1883,1
55,1920,1
55,1925,1
55,1930,1
56,1324,1
56,1646,1
56,1737,1
56,1879,1
57,741,1
57,1159,1
57,1647,1
57,1737,1
57,1985,1
58,1158,1
58,1737,1
58,1865,1
58,1889,1
58,1897,1
58,1940,1
59,1778,1
59,1883,1
60,124,1
60,1472,1
60,1724,1
60,1749,1
60,1774,1
60,1856,1
60,1882,1
60,1894,1
60,1920,1
61,636,1
61,1879,1
62,371,1
62,1630,1
62,1737,1
63,511,1
63,1067,1
63,1122,1
63,1883,1
63,1940,1
63,1956,1
64,907,1
64,1640,1
64,1879,1
65,106,1
65,324,1
65,1523,1
65,1836,1
65,1965,1
66,306,1
66,1349,1
66,1964,1
67,324,1
67,1601,1
67,1724,1
67,1964,1
68,1631,1
68,1675,1
69,534,1
69,1884,1
69,1926,1
69,1985,1
70,138,1
70,1036,1
70,1116,1
70,1864,1
70,1883,1
70,1920,1
71,175,1
71,1647,1
71,1974,1
73,1122,1
73,1297,1
73,1814,1
73,1902,1
74,710,1
74,851,1
74,1058,1
74,1737,1
74,1879,1
74,1991,1
75,1630,1
75,1890,1
75,1934,1
76,676,1
76,1654,1
76,1716,1
76,1883,1
77,858,1
77,929,1
77,1687,1
77,1879,1
77,1920,1
77,1921,1
78,124,1
78,1011,1
78,1311,1
78,1853,1
78,1864,1
79,1532,1
79,1601,1
79,1894,1
80,284,1
80,669,1
80,676,1
80,1524,1
80,1630,1
80,1737,1
80,1993,1
81,1883,1
81,1936,1
82,1603,1
82,1897,1
83,159,1
83,498,1
83,1889,1
84,1532,1
84,1864,1
84,1883,1
85,472,1
85,1233,1
85,1737,1
86,420,1
86,659,1
86,934,1
86,1219,1
86,1350,1
86,1374,1
86,1609,1
86,1630,1
86,1693,1
86,1737,1
86,1861,1
86,1864,1
86,1920,1
87,929,1
87,1341,1
87,1693,1
87,1718,1
87,1737,1
87,1882,1
88,53,1
88,91,1
88,1159,1
88,1201,1
88,1532,1
88,1590,1
88,1630,1
88,1670,1
88,1721,1
88,1724,1
88,1841,1
88,1883,1
89,1737,1
89,1920,1
90,1630,1
90,1707,1
90,1721,1
90,1737,1
91,50,1
91,624,1
91,858,1
91,1468,1
91,1713,1
91,1724,1
91,1828,1
91,1864,1
91,1866,1
91,1964,1
92,950,1
92,1351,1
92,1679,1
92,1724,1
92,1745,1
92,1756,1
92,1882,1
93,604,1
93,798,1
93,1321,1
93,1727,1
93,1729,1
93,1983,1
93,1991,1
94,676,1
94,1630,1
94,1883,1
95,105,1
95,1630,1
95,1646,1
95,1864,1
96,235,1
96,1630,1
97,1049,1
97,1149,1
97,1577,1
97,1679,1
97,1756,1
97,1818,1
97,1856,1
97,1940,1
97,1952,1
98,1737,1
98,1738,1
99,196,1
99,770,1
100,1920,1
101,1033,1
101,1334,1
101,1681,1
101,1724,1
101,1857,1
101,1894,1
101,1983,1
102,98,1
102,311,1
102,676,1
102,929,1
102,1214,1
102,1630,1
102,1656,1
102,1737,1
102,1883,1
103,102,1
103,895,1
103,1670,1
104,662,1
104,1239,1
104,1737,1
105,1530,1
105,1737,1
105,1741,1
105,1890,1
105,1973,1
106,1687,1
106,1737,1
106,1864,1
106,1995,1
107,513,1
107,701,1
107,1064,1
107,1377,1
108,1864,1
109,196,1
109,309,1
109,518,1
109,1383,1
109,1721,1
109,1882,1
110,1742,1
110,1920,1
111,40,1
111,1226,1
111,1879,1
111,1880,1
111,1882,1
112,872,1
112,1153,1
112,1535,1
112,1927,1
112,1964,1
113,51,1
113,386,1
113,562,1
113,1015,1
113,1289,1
113,1425,1
113,1443,1
113,1670,1
113,1920,1
113,1983,1
113,1991,1
114,596,1
115,683,1
115,1132,1
115,1679,1
115,1724,1
115,1737,1
115,1883,1
116,1687,1
116,1707,1
116,1737,1
116,1879,1
116,1880,1
117,1255,1
118,95,1
118,1183,1
118,1940,1
119,95,1
119,1864,1
120,1879,1
121,283,1
121,923,1
121,1682,1
121,1864,1
121,1920,1
122,726,1
122,798,1
122,1630,1
122,1670,1
122,1701,1
122,1737,1
122,1742,1
122,1828,1
122,1831,1
122,1864,1
122,1879,1
122,1883,1
122,1894,1
122,1920,1
122,1983,1
123,1188,1
124,1436,1
124,1705,1
124,1737,1
124,1882,1
124,1894,1
125,682,1
125,1457,1
125,1713,1
125,1940,1
125,1964,1
126,173,1
126,1564,1
127,870,1
127,1619,1
127,1630,1
127,1679,1
127,1880,1
128,1609,1
129,657,1
129,999,1
129,1330,1
129,1342,1
129,1737,1
129,1855,1
129,1864,1
129,1920,1
129,1940,1
130,1737,1
131,1647,1
131,1737,1
131,1742,1
132,283,1
132,674,1
132,1159,1
132,1374,1
132,1642,1
132,1644,1
132,1940,1
133,1883,1
134,1176,1
134,1630,1
134,1631,1
135,895,1
135,1864,1
136,682,1
136,1033,1
136,1440,1
136,1470,1
136,1630,1
136,1720,1
136,1831,1
136,1883,1
136,1940,1
137,636,1
137,953,1
137,1721,1
137,1742,1
138,534,1
138,850,1
138,1559,1
138,1864,1
139,1059,1
139,1159,1
140,56,1
140,1737,1
141,844,1
141,872,1
141,1015,1
141,1486,1
141,1670,1
141,1934,1
142,918,1
142,1588,1
142,1679,1
142,1862,1
142,1879,1
142,1970,1
143,907,1
143,1995,1
144,113,1
144,572,1
144,1607,1
144,1630,1
145,40,1
145,608,1
145,953,1
145,1631,1
146,1737,1
146,1864,1
147,211,1
147,280,1
147,329,1
147,655,1
147,1183,1
147,1651,1
147,1675,1
147,1724,1
147,1836,1
147,1883,1
147,1914,1
147,1922,1
147,1958,1
148,628,1
148,734,1
148,1628,1
148,1646,1
148,1742,1
149,1201,1
149,1685,1
149,1687,1
149,1737,1
150,653,1
150,1404,1
150,1736,1
150,1791,1
150,1916,1
151,115,1
151,526,1
151,979,1
151,1720,1
152,1713,1
152,1742,1
152,1811,1
152,1848,1
152,1883,1
152,1914,1
152,1920,1
152,1940,1
153,444,1
153,620,1
153,887,1
153,1177,1
153,1257,1
153,1630,1
153,1925,1
154,1737,1
154,1952,1
155,973,1
155,1064,1
156,723,1
156,929,1
156,1737,1
157,12,1
157,393,1
157,1628,1
157,1724,1
158,1630,1
158,1920,1
159,518,1
159,676,1
159,953,1
159,1036,1
159,1303,1
159,1390,1
159,1472,1
159,1487,1
159,1724,1
159,1737,1
159,1864,1
160,342,1
160,1737,1
160,1741,1
160,1853,1
161,546,1
161,1252,1
161,1402,1
161,1737,1
162,1741,1
163,40,1
163,929,1
163,1724,1
163,1890,1
163,1920,1
164,1425,1
164,1890,1
165,700,1
165,1883,1
165,1994,1
166,1721,1
166,1864,1
166,1870,1
166,1902,1
167,1737,1
167,1869,1
167,1950,1
169,457,1
169,537,1
169,1215,1
169,1646,1
169,1708,1
169,1724,1
170,1395,1
170,1675,1
170,1724,1
171,1511,1
171,1630,1
171,1994,1
172,1656,1
172,1699,1
173,696,1
173,929,1
173,1330,1
173,1617,1
174,257,1
174,1216,1
174,1675,1
174,1940,1
175,1151,1
175,1883,1
175,1920,1
176,916,1
177,829,1
177,1133,1
177,1448,1
177,1675,1
177,1737,1
177,1948,1
178,575,1
178,735,1
178,1854,1
178,1882,1
178,1919,1
179,10,1
179,119,1
179,159,1
179,166,1
179,174,1
179,194,1
179,442,1
179,615,1
179,651,1
179,710,1
179,755,1
179,759,1
179,1022,1
179,1176,1
179,1230,1
179,1374,1
179,1375,1
179,1386,1
179,1480,1
179,1624,1
179,1630,1
179,1631,1
179,1645,1
179,1670,1
179,1704,1
179,1716,1
179,1721,1
179,1724,1
179,1725,1
179,1737,1
179,1738,1
179,1742,1
179,1856,1
179,1861,1
179,1867,1
179,1874,1
179,1877,1
179,1879,1
179,1880,1
179,1883,1
179,1916,1
179,1920,1
179,1921,1
179,1936,1
179,1940,1
179,1950,1
179,1968,1
179,1984,1
180,967,1
180,1724,1
180,1737,1
181,884,1
181,1737,1
182,167,1
182,676,1
183,324,1
183,468,1
183,682,1
183,962,1
183,984,1
183,1507,1
184,1215,1
184,1630,1
184,1704,1
185,1630,1
185,1737,1
185,1983,1
186,200,1
186,430,1
186,1630,1
186,1631,1
186,1756,1
186,1828,1
186,1861,1
186,1879,1
187,696,1
187,895,1
187,1159,1
187,1567,1
187,1630,1
187,1645,1
187,1724,1
187,1886,1
187,1897,1
187,1940,1
187,1983,1
188,1507,1
188,1640,1
188,1717,1
188,1861,1
190,1321,1
190,1737,1
190,1920,1
191,636,1
191,790,1
192,1646,1
192,1724,1
192,1737,1
192,1879,1
193,1653,1
193,1721,1
194,1707,1
194,1964,1
195,1644,1
195,1742,1
196,226,1
196,1607,1
196,1882,1
197,1724,1
197,1742,1
197,1882,1
198,1064,1
199,1717,1
200,1329,1
200,1864,1
202,1583,1
202,1724,1
203,1828,1
204,1738,1
204,1864,1
205,188,1
205,1675,1
205,1721,1
205,1914,1
206,896,1
206,1705,1
206,1737,1
206,1864,1
206,1916,1
207,547,1
207,1979,1
208,277,1
208,383,1
208,832,1
208,1737,1
208,1742,1
208,1879,1
208,1882,1
208,1883,1
209,159,1
209,476,1
209,1689,1
209,1879,1
210,179,1
210,568,1
210,1883,1
211,299,1
211,350,1
211,468,1
211,1480,1
211,1523,1
211,1630,1
211,1670,1
211,1826,1
211,1855,1
211,1861,1
211,1864,1
212,485,1
212,1590,1
212,1687,1
212,1880,1
212,1881,1
213,979,1
213,1675,1
213,1737,1
213,1738,1
214,1284,1
214,1606,1
214,1765,1
214,1841,1
214,1842,1
215,135,1
215,1630,1
215,1679,1
215,1952,1
216,10,1
216,40,1
216,91,1
216,92,1
216,102,1
216,434,1
216,506,1
216,517,1
216,518,1
216,556,1
216,624,1
216,769,1
216,920,1
216,948,1
216,983,1
216,1010,1
216,1226,1
216,1311,1
216,1341,1
216,1494,1
216,1511,1
216,1523,1
216,1617,1
216,1644,1
216,1679,1
216,1704,1
216,1705,1
216,1713,1
216,1720,1
216,1724,1
216,1725,1
216,1737,1
216,1765,1
216,1864,1
216,1871,1
216,1879,1
216,1897,1
216,1916,1
216,1920,1
217,56,1
217,129,1
218,517,1
218,702,1
218,1920,1
219,1163,1
219,1425,1
219,1679,1
219,1737,1
219,1858,1
219,1882,1
219,1913,1
219,1964,1
220,1060,1
220,1544,1
220,1711,1
220,1864,1
221,1080,1
221,1630,1
222,366,1
222,804,1
222,1607,1
222,1734,1
222,1897,1
223,829,1
223,1760,1
223,1811,1
223,1894,1
223,1920,1
224,517,1
224,1724,1
224,1737,1
224,1930,1
225,1053,1
225,1630,1
226,1879,1
226,1883,1
226,1920,1
226,1990,1
227,316,1
227,1679,1
227,1876,1
227,1918,1
227,1934,1
227,1955,1
228,1431,1
228,1724,1
228,1737,1
228,1879,1
229,1653,1
229,1737,1
229,1883,1
229,1884,1
230,1864,1
231,770,1
231,1448,1
231,1511,1
231,1630,1
231,1737,1
231,1817,1
231,1878,1
231,1925,1
231,1964,1
232,163,1
232,211,1
232,562,1
232,676,1
232,979,1
232,982,1
232,1063,1
232,1328,1
232,1580,1
232,1607,1
232,1685,1
232,1704,1
232,1774,1
232,1879,1
232,1920,1
232,1921,1
233,92,1
234,726,1
234,1704,1
235,596,1
235,1119,1
235,1867,1
235,1885,1
236,929,1
236,1630,1
236,1670,1
236,1879,1
237,329,1
237,1069,1
237,1630,1
237,1737,1
237,1856,1
238,1344,1
238,1864,1
238,1959,1
239,1630,1
239,1883,1
240,892,1
240,1010,1
240,1677,1
240,1890,1
240,1903,1
241,1083,1
241,1645,1
241,1865,1
242,518,1
243,1601,1
243,1882,1
243,1985,1
244,1592,1
244,1630,1
244,1693,1
244,1721,1
244,1737,1
244,1831,1
245,1879,1
245,1897,1
245,1985,1
246,243,1
246,466,1
246,1721,1
247,698,1
247,1707,1
248,45,1
248,682,1
248,1445,1
248,1702,1
250,151,1
250,1377,1
250,1630,1
250,1737,1
250,1883,1
250,1890,1
251,903,1
251,1523,1
251,1630,1
251,1724,1
251,1995,1
252,1882,1
252,1914,1
253,1630,1
253,1737,1
253,1879,1
253,1964,1
254,262,1
254,776,1
254,952,1
254,979,1
254,1630,1
254,1631,1
254,1675,1
254,1737,1
254,1742,1
254,1856,1
254,1879,1
254,1881,1
254,1885,1
254,1920,1
254,1986,1
255,1342,1
255,1630,1
255,1708,1
255,1934,1
256,147,1
256,266,1
256,298,1
256,329,1
256,570,1
256,1423,1
257,1448,1
257,1679,1
257,1884,1
257,1917,1
257,1986,1
259,211,1
259,1809,1
259,1867,1
259,1934,1
259,1991,1
260,698,1
260,790,1
260,1570,1
260,1647,1
260,1653,1
260,1879,1
261,452,1
261,1864,1
261,1879,1
261,1883,1
262,756,1
262,895,1
262,1713,1
262,1737,1
262,1885,1
262,1950,1
262,1972,1
263,1737,1
264,1186,1
264,1647,1
264,1881,1
264,1939,1
266,515,1
266,1675,1
267,41,1
267,95,1
267,371,1
267,729,1
267,1112,1
267,1569,1
267,1630,1
267,1642,1
267,1654,1
267,1737,1
267,1756,1
267,1883,1
268,1914,1
269,395,1
269,686,1
269,1630,1
269,1879,1
270,979,1
271,1828,1
272,676,1
272,1122,1
272,1737,1
273,4,1
273,119,1
273,138,1
273,633,1
273,1607,1
273,1724,1
273,1742,1
273,1861,1
273,1920,1
273,1972,1
274,676,1
274,998,1
274,1742,1
274,1896,1
274,1920,1
274,1991,1
275,633,1
275,1232,1
275,1920,1
275,1941,1
276,782,1
276,979,1
276,1511,1
276,1707,1
276,1920,1
276,1925,1
277,77,1
277,466,1
277,1139,1
277,1349,1
277,1879,1
278,518,1
278,1015,1
278,1708,1
278,1883,1
279,1053,1
280,950,1
281,562,1
281,780,1
281,1376,1
281,1914,1
282,1913,1
282,1983,1
283,106,1
283,1630,1
284,664,1
284,1188,1
284,1737,1
284,1834,1
284,1864,1
284,1936,1
284,1991,1
285,1304,1
285,1831,1
285,1841,1
285,1877,1
286,676,1
286,895,1
286,1086,1
286,1601,1
286,1675,1
286,1737,1
287,676,1
287,979,1
287,1630,1
287,1642,1
287,1737,1
287,1853,1
288,675,1
288,1159,1
288,1925,1
289,1737,1
289,1883,1
290,211,1
290,1269,1
291,1693,1
291,1853,1
291,1897,1
292,1693,1
292,1731,1
292,1737,1
293,884,1
293,1630,1
293,1646,1
293,1675,1
293,1940,1
294,405,1
295,1390,1
295,1713,1
295,1741,1
295,1945,1
296,1925,1
297,1879,1
297,1948,1
298,895,1
298,1855,1
298,1879,1
298,1883,1
298,1921,1
299,324,1
299,447,1
299,676,1
299,1490,1
299,1495,1
299,1647,1
299,1721,1
299,1737,1
299,1883,1
300,676,1
300,1687,1
300,1879,1
300,1972,1
302,1834,1
303,1015,1
303,1630,1
303,1729,1
303,1897,1
304,413,1
304,1864,1
304,1882,1
305,726,1
305,842,1
305,1069,1
305,1737,1
305,1860,1
306,1161,1
306,1675,1
306,1751,1
306,1920,1
307,961,1
307,1687,1
307,1782,1
308,569,1
309,1122,1
309,1677,1
309,1737,1
309,1738,1
309,1828,1
309,1867,1
309,1879,1
309,1883,1
309,1907,1
310,371,1
310,612,1
310,681,1
310,1720,1
310,1737,1
310,1916,1
311,560,1
311,1886,1
312,343,1
312,366,1
312,1756,1
312,1884,1
312,1897,1
312,1940,1
313,682,1
314,1630,1
315,1738,1
315,1924,1
316,38,1
316,225,1
316,1821,1
316,1890,1
316,1950,1
317,469,1
317,1864,1
318,418,1
318,486,1
318,748,1
318,984,1
318,1630,1
318,1683,1
318,1687,1
318,1705,1
318,1826,1
318,1856,1
318,1920,1
318,1984,1
319,1687,1
319,1689,1
320,200,1
320,410,1
320,676,1
320,1328,1
320,1762,1
320,1920,1
320,1950,1
321,56,1
321,1630,1
321,1867,1
321,1972,1
322,1737,1
322,1879,1
322,1880,1
322,1881,1
322,1983,1
323,1630,1
323,1833,1
324,827,1
324,953,1
324,1248,1
324,1610,1
325,43,1
325,195,1
325,1737,1
326,562,1
326,1630,1
326,1737,1
326,1788,1
326,1991,1
327,1159,1
327,1713,1
328,1737,1
328,1918,1
328,1921,1
328,1970,1
329,676,1
329,698,1
329,1649,1
329,1724,1
329,1973,1
330,983,1
330,1717,1
330,1737,1
330,1879,1
330,1920,1
330,1921,1
331,216,1
331,324,1
331,1156,1
331,1631,1
331,1878,1
332,1883,1
332,1890,1
332,1975,1
332,1995,1
333,141,1
333,557,1
333,600,1
333,1737,1
334,1065,1
335,916,1
335,1675,1
335,1855,1
337,466,1
337,872,1
337,952,1
337,1177,1
337,1269,1
337,1677,1
337,1724,1
337,1879,1
337,1915,1
338,1479,1
338,1879,1
339,1630,1
339,1683,1
339,1985,1
340,1139,1
340,1711,1
341,441,1
341,479,1
341,1355,1
341,1500,1
341,1720,1
341,1737,1
341,1797,1
341,1831,1
342,47,1
342,1120,1
343,1037,1
343,1559,1
343,1630,1
343,1687,1
344,1010,1
344,1038,1
344,1737,1
344,1746,1
344,1920,1
345,10,1
345,972,1
345,1606,1
345,1704,1
345,1737,1
345,1920,1
345,1940,1
345,1995,1
346,1964,1
347,236,1
347,545,1
347,1687,1
347,1879,1
347,1983,1
348,676,1
348,1559,1
348,1738,1
348,1861,1
349,55,1
349,323,1
349,700,1
349,1831,1
349,1872,1
350,895,1
350,1725,1
350,1737,1
351,1861,1
351,1862,1
352,441,1
352,842,1
352,1713,1
352,1737,1
352,1934,1
353,822,1
353,1268,1
353,1853,1
353,1979,1
353,1991,1
354,819,1
354,1724,1
354,1991,1
355,24,1
355,1704,1
355,1774,1
356,90,1
357,87,1
357,1862,1
358,517,1
358,1879,1
358,1883,1
358,1885,1
359,222,1
359,1879,1
359,1895,1
359,1920,1
361,377,1
361,1724,1
361,1737,1
361,1948,1
362,684,1
362,1809,1
362,1864,1
363,1737,1
363,1884,1
364,1024,1
364,1883,1
364,1950,1
365,461,1
365,628,1
365,965,1
365,1252,1
365,1720,1
365,1727,1
365,1882,1
365,1890,1
366,183,1
366,231,1
366,727,1
366,1570,1
366,1724,1
366,1737,1
366,1881,1
367,1737,1
367,1856,1
368,1631,1
368,1738,1
368,1943,1
368,1994,1
369,113,1
369,1447,1
369,1737,1
370,535,1
371,187,1
371,863,1
371,1675,1
371,1687,1
371,1737,1
371,1756,1
371,1871,1
372,1920,1
372,1943,1
372,1950,1
373,398,1
373,1470,1
373,1675,1
373,1751,1
374,547,1
374,1285,1
374,1867,1
375,1908,1
376,1756,1
377,1737,1
377,1916,1
378,1737,1
378,1920,1
378,1956,1
379,1005,1
379,1405,1
379,1675,1
380,444,1
380,804,1
380,1879,1
380,1950,1
381,872,1
382,647,1
383,1737,1
383,1956,1
384,413,1
384,698,1
384,1159,1
384,1631,1
384,1633,1
384,1707,1
384,1724,1
384,1737,1
384,1766,1
385,40,1
385,159,1
385,518,1
385,960,1
385,1015,1
385,1630,1
385,1731,1
385,1920,1
386,1214,1
386,1231,1
386,1645,1
386,1940,1
387,1059,1
387,1630,1
387,1742,1
387,1856,1
387,1878,1
387,1952,1
388,1920,1
389,1630,1
389,1704,1
389,1986,1
390,1864,1
391,1,1
391,1142,1
392,628,1
392,1811,1
392,1902,1
393,212,1
393,1059,1
393,1133,1
393,1193,1
393,1226,1
393,1515,1
393,1630,1
393,1660,1
393,1670,1
393,1703,1
393,1879,1
393,1883,1
393,1983,1
394,1787,1
395,136,1
395,1297,1
395,1324,1
395,1693,1
395,1737,1
395,1879,1
395,1920,1
396,929,1
396,1724,1
396,1737,1
397,700,1
397,721,1
397,1751,1
397,1964,1
398,664,1
398,1704,1
398,1870,1
399,1727,1
399,1880,1
401,359,1
401,466,1
401,518,1
401,1630,1
401,1880,1
401,1882,1
401,1897,1
402,253,1
402,1653,1
403,1080,1
403,1756,1
403,1890,1
404,1831,1
404,1873,1
405,466,1
405,901,1
405,1630,1
405,1883,1
405,1924,1
406,1060,1
406,1879,1
407,683,1
407,710,1
407,960,1
407,1640,1
407,1699,1
408,1677,1
408,1879,1
408,1914,1
409,1230,1
409,1331,1
409,1831,1
409,1902,1
410,318,1
410,1122,1
410,1407,1
410,1687,1
410,1705,1
410,1724,1
410,1725,1
410,1751,1
410,1831,1
410,1950,1
411,1882,1
411,1897,1
412,323,1
412,441,1
412,681,1
412,1181,1
412,1486,1
412,1520,1
412,1619,1
412,1631,1
412,1774,1
412,1864,1
412,1897,1
413,1154,1
413,1883,1
414,652,1
414,1254,1
414,1303,1
414,1737,1
415,56,1
415,742,1
415,1607,1
416,1405,1
416,1490,1
416,1972,1
417,929,1
417,1610,1
418,895,1
418,1645,1
418,1675,1
418,1707,1
418,1737,1
418,1950,1
419,292,1
419,1774,1
419,1890,1
420,1292,1
421,1495,1
421,1549,1
421,1879,1
421,1991,1
422,870,1
422,1725,1
422,1828,1
422,1880,1
422,1920,1
423,579,1
423,1080,1
423,1442,1
423,1631,1
423,1638,1
423,1737,1
423,1831,1
423,1936,1
423,1948,1
424,1127,1
424,1494,1
424,1630,1
425,804,1
425,864,1
426,782,1
427,895,1
427,1630,1
427,1709,1
428,10,1
428,38,1
428,579,1
428,1631,1
428,1883,1
429,1864,1
430,1024,1
430,1549,1
430,1631,1
430,1707,1
430,1724,1
430,1737,1
430,1856,1
430,1883,1
430,1920,1
430,1968,1
431,1737,1
432,835,1
432,1630,1
432,1737,1
433,1158,1
433,1630,1
433,1718,1
433,1920,1
434,1595,1
434,1737,1
435,1630,1
436,1279,1
436,1724,1
437,1589,1
437,1733,1
438,1737,1
438,1879,1
439,1325,1
439,1828,1
440,1774,1
440,1914,1
440,1920,1
441,1060,1
441,1523,1
441,1628,1
441,1630,1
441,1721,1
441,1853,1
441,1855,1
441,1914,1
441,1920,1
442,1630,1
442,1687,1
442,1742,1
442,1964,1
443,1984,1
444,1737,1
444,1920,1
445,1864,1
446,485,1
446,558,1
446,1396,1
446,1864,1
447,91,1
447,144,1
447,682,1
447,1111,1
447,1506,1
447,1523,1
447,1645,1
447,1704,1
447,1724,1
447,1737,1
447,1879,1
447,1920,1
447,1948,1
447,1964,1
447,1968,1
447,1979,1
448,1737,1
448,1929,1
449,284,1
450,1630,1
450,1692,1
451,636,1
451,1014,1
451,1630,1
451,1724,1
451,1855,1
451,1882,1
451,1883,1
452,1472,1
452,1744,1
452,1769,1
452,1883,1
453,211,1
453,570,1
453,1555,1
453,1784,1
453,1924,1
454,545,1
454,842,1
454,1670,1
454,1774,1
455,935,1
455,1645,1
455,1704,1
456,1677,1
457,1568,1
457,1883,1
458,1069,1
458,1737,1
459,1630,1
459,1787,1
459,1864,1
459,1879,1
461,676,1
461,1630,1
461,1704,1
461,1737,1
461,1865,1
461,1879,1
462,1328,1
462,1630,1
462,1710,1
462,1991,1
464,792,1
464,1159,1
464,1675,1
466,872,1
466,925,1
466,1226,1
466,1703,1
466,1724,1
466,1737,1
466,1883,1
466,1913,1
466,1920,1
467,27,1
467,1511,1
467,1737,1
468,350,1
468,1879,1
468,1979,1
469,68,1
469,385,1
469,624,1
469,628,1
469,698,1
469,919,1
469,1154,1
469,1447,1
469,1515,1
469,1550,1
469,1609,1
469,1762,1
470,871,1
470,1239,1
470,1310,1
470,1523,1
470,1724,1
470,1920,1
471,1355,1
471,1530,1
471,1550,1
471,1566,1
471,1570,1
471,1940,1
471,1964,1
472,1064,1
472,1132,1
472,1645,1
473,451,1
473,505,1
473,1578,1
473,1687,1
473,1870,1
473,1879,1
473,1883,1
474,20,1
474,187,1
474,931,1
474,1737,1
474,1894,1
475,1809,1
475,1890,1
475,1920,1
475,1948,1
476,286,1
476,1500,1
476,1725,1
476,1909,1
477,1879,1
479,1620,1
479,1864,1
480,420,1
480,1774,1
480,1879,1
482,40,1
482,1383,1
482,1653,1
482,1914,1
482,1920,1
483,748,1
483,1628,1
483,1651,1
484,518,1
484,676,1
484,1299,1
485,1693,1
485,1737,1
486,698,1
486,929,1
486,1122,1
486,1212,1
486,1470,1
486,1718,1
486,1742,1
487,748,1
487,1631,1
487,1645,1
488,324,1
488,628,1
488,963,1
488,1683,1
488,1890,1
488,1897,1
489,1630,1
489,1737,1
490,1737,1
490,1955,1
491,1879,1
492,27,1
492,1619,1
492,1836,1
493,1386,1
493,1841,1
493,1883,1
494,1737,1
495,1883,1
496,1647,1
496,1654,1
496,1699,1
496,1737,1
496,1751,1
496,1797,1
496,1883,1
497,441,1
497,1864,1
497,1883,1
497,1921,1
498,676,1
498,877,1
498,1159,1
498,1603,1
498,1645,1
498,1725,1
498,1864,1
498,1940,1
499,401,1
499,1795,1
499,1880,1
500,700,1
500,1532,1
500,1707,1
500,1737,1
500,1879,1
501,1883,1
501,1964,1
502,895,1
503,1630,1
503,1889,1
504,1216,1
504,1679,1
504,1737,1
505,1032,1
505,1374,1
506,1864,1
506,1940,1
507,1617,1
507,1678,1
507,1964,1
508,677,1
508,1653,1
508,1720,1
508,1737,1
508,1823,1
508,1864,1
508,1879,1
508,1920,1
508,1965,1
510,64,1
511,1624,1
511,1707,1
511,1737,1
512,171,1
512,1631,1
512,1920,1
512,1928,1
513,542,1
513,953,1
513,1436,1
513,1630,1
513,1647,1
513,1670,1
513,1920,1
514,518,1
514,1630,1
515,277,1
515,329,1
515,1630,1
515,1670,1
515,1777,1
515,1958,1
515,1970,1
516,1737,1
516,1873,1
516,1991,1
517,683,1
517,1342,1
518,159,1
518,211,1
518,669,1
518,742,1
518,1230,1
518,1515,1
518,1737,1
518,1920,1
519,1622,1
519,1738,1
520,226,1
520,614,1
520,729,1
520,1630,1
520,1737,1
520,1864,1
521,231,1
521,956,1
521,1158,1
521,1570,1
521,1630,1
521,1737,1
521,1883,1
521,1903,1
522,33,1
522,1523,1
522,1929,1
523,1742,1
524,169,1
524,518,1
524,1920,1
525,1268,1
525,1630,1
525,1731,1
525,1765,1
525,1879,1
525,1890,1
526,608,1
526,1468,1
526,1916,1
527,11,1
528,1630,1
529,700,1
529,1721,1
529,1777,1
530,1756,1
530,1920,1
533,534,1
533,560,1
533,1630,1
533,1689,1
533,1920,1
534,655,1
534,1297,1
534,1298,1
534,1687,1
534,1864,1
534,1884,1
535,173,1
535,579,1
535,1920,1
536,1417,1
536,1523,1
536,1567,1
536,1705,1
536,1769,1
536,1811,1
536,1879,1
536,1882,1
537,1233,1
537,1644,1
537,1737,1
538,306,1
538,734,1
538,1805,1
539,450,1
539,1015,1
539,1950,1
540,1729,1
540,1737,1
540,1964,1
541,819,1
541,1024,1
541,1583,1
542,676,1
542,1630,1
542,1699,1
542,1841,1
543,1033,1
543,1660,1
543,1737,1
544,534,1
545,1080,1
545,1325,1
545,1737,1
545,1797,1
545,1991,1
546,886,1
546,1511,1
546,1724,1
546,1883,1
547,534,1
547,880,1
548,769,1
548,1809,1
548,1879,1
549,1727,1
549,1968,1
550,87,1
550,1271,1
550,1631,1
550,1705,1
552,280,1
552,1355,1
552,1430,1
552,1864,1
552,1879,1
552,1920,1
554,1443,1
554,1742,1
555,76,1
555,1774,1
556,29,1
556,426,1
556,608,1
556,628,1
556,840,1
556,1015,1
556,1425,1
556,1548,1
556,1864,1
556,1879,1
556,1882,1
556,1883,1
557,40,1
557,447,1
557,1873,1
557,1934,1
558,569,1
558,636,1
558,1105,1
558,1704,1
559,614,1
559,1983,1
560,1737,1
560,1742,1
560,1879,1
560,1882,1
560,1921,1
561,1487,1
561,1920,1
561,1934,1
562,316,1
562,1925,1
563,636,1
563,682,1
563,1737,1
563,1774,1
563,1828,1
564,1864,1
566,1666,1
566,1724,1
566,1737,1
566,1878,1
567,651,1
567,992,1
567,1882,1
568,222,1
568,1532,1
568,1623,1
568,1724,1
569,1158,1
569,1268,1
569,1617,1
569,1647,1
569,1667,1
569,1689,1
569,1693,1
569,1704,1
569,1737,1
569,1879,1
569,1990,1
570,1737,1
570,1879,1
570,1940,1
570,1953,1
571,1159,1
571,1305,1
572,1083,1
572,1537,1
573,1394,1
574,679,1
574,943,1
574,1883,1
574,1991,1
575,726,1
575,1737,1
576,1742,1
576,1864,1
576,1940,1
577,684,1
577,1590,1
577,1737,1
577,1943,1
578,299,1
578,1864,1
578,1894,1
579,68,1
579,1621,1
579,1633,1
579,1653,1
579,1821,1
579,1879,1
579,1934,1
580,805,1
580,1239,1
581,1756,1
582,407,1
582,1890,1
582,1940,1
583,1675,1
583,1944,1
583,1950,1
583,1991,1
584,318,1
584,407,1
584,929,1
584,1177,1
584,1737,1
584,1765,1
584,1920,1
585,135,1
585,233,1
585,343,1
585,413,1
585,451,1
585,508,1
585,596,1
585,628,1
585,763,1
585,866,1
585,870,1
585,895,1
585,1122,1
585,1225,1
585,1330,1
585,1433,1
585,1448,1
585,1457,1
585,1603,1
585,1630,1
585,1716,1
585,1721,1
585,1731,1
585,1737,1
585,1749,1
585,1751,1
585,1756,1
585,1784,1
585,1830,1
585,1831,1
585,1856,1
585,1879,1
585,1882,1
585,1883,1
585,1897,1
585,1913,1
585,1920,1
585,1931,1
585,1940,1
585,1985,1
586,1704,1
586,1930,1
587,1275,1
587,1466,1
587,1651,1
587,1670,1
588,1265,1
588,1928,1
588,1983,1
589,372,1
589,518,1
589,1447,1
589,1472,1
589,1687,1
589,1716,1
589,1724,1
589,1776,1
589,1920,1
589,1965,1
590,1405,1
590,1756,1
590,1860,1
591,1395,1
591,1630,1
591,1737,1
591,1914,1
592,1983,1
593,782,1
593,1226,1
593,1727,1
593,1809,1
593,1879,1
593,1883,1
593,1902,1
593,1918,1
593,1964,1
594,284,1
594,314,1
594,1630,1
595,178,1
595,866,1
595,1630,1
595,1717,1
596,183,1
596,321,1
596,501,1
596,970,1
596,1713,1
596,1864,1
596,1879,1
596,1920,1
597,664,1
597,1742,1
598,40,1
598,734,1
598,778,1
598,1325,1
598,1631,1
598,1737,1
598,1742,1
598,1864,1
598,1879,1
598,1883,1
600,1742,1
601,1040,1
601,1351,1
601,1713,1
601,1864,1
601,1973,1
602,612,1
602,1567,1
602,1864,1
603,211,1
603,1864,1
603,1984,1
604,1118,1
604,1405,1
604,1880,1
604,1920,1
606,1737,1
606,1864,1
606,1920,1
607,7,1
607,1990,1
608,673,1
608,1285,1
608,1630,1
608,1724,1
608,1737,1
608,1864,1
609,467,1
609,1737,1
609,1979,1
611,1737,1
611,1864,1
612,1864,1
612,1879,1
613,1025,1
613,1523,1
614,636,1
614,929,1
614,1619,1
615,1138,1
615,1883,1
616,1645,1
616,1737,1
617,226,1
617,396,1
617,798,1
617,1379,1
617,1705,1
617,1724,1
617,1870,1
618,690,1
618,1879,1
619,1890,1
620,1442,1
620,1737,1
621,1713,1
621,1841,1
622,979,1
622,1630,1
622,1649,1
622,1704,1
622,1920,1
623,389,1
623,796,1
623,1139,1
623,1619,1
623,1699,1
623,1864,1
623,1884,1
623,1920,1
624,423,1
624,440,1
624,676,1
624,1895,1
624,1955,1
624,1991,1
625,93,1
625,284,1
625,804,1
625,1179,1
625,1704,1
625,1737,1
625,1864,1
625,1881,1
625,1940,1
625,1983,1
626,1651,1
626,1724,1
626,1737,1
627,277,1
627,734,1
627,1970,1
628,75,1
628,636,1
628,879,1
628,943,1
628,1708,1
628,1737,1
628,1847,1
628,1914,1
629,38,1
629,1159,1
629,1671,1
630,1721,1
630,1725,1
631,1290,1
631,1856,1
631,1883,1
631,1930,1
632,782,1
632,1737,1
632,1741,1
633,406,1
633,682,1
633,1693,1
633,1737,1
633,1882,1
634,1915,1
635,1951,1
636,441,1
636,682,1
637,676,1
637,1622,1
637,1920,1
637,1984,1
638,116,1
638,211,1
639,1158,1
639,1630,1
639,1879,1
639,1920,1
639,1921,1
639,1940,1
640,183,1
640,1883,1
641,115,1
641,684,1
641,1817,1
641,1920,1
642,620,1
642,1914,1
643,1737,1
643,1879,1
644,442,1
644,597,1
644,1804,1
644,1842,1
644,1883,1
646,1630,1
646,1879,1
647,1257,1
647,1630,1
648,65,1
648,1503,1
648,1771,1
648,1914,1
649,127,1
649,1940,1
650,1645,1
650,1883,1
650,1990,1
651,33,1
651,188,1
651,1738,1
651,1864,1
652,91,1
652,556,1
652,596,1
652,614,1
652,918,1
652,1386,1
652,1630,1
652,1879,1
653,1670,1
653,1724,1
653,1991,1
654,1718,1
654,1909,1
654,1991,1
655,536,1
655,682,1
655,1724,1
656,895,1
656,1756,1
656,1882,1
657,1704,1
657,1717,1
657,1737,1
657,1948,1
658,1737,1
658,1879,1
659,174,1
659,428,1
659,734,1
659,778,1
659,792,1
659,1630,1
659,1647,1
659,1837,1
659,1879,1
659,1940,1
660,895,1
660,1015,1
660,1150,1
660,1856,1
660,1955,1
661,1983,1
662,1163,1
662,1630,1
662,1649,1
662,1654,1
662,1737,1
662,1870,1
663,1879,1
664,1687,1
664,1737,1
664,1864,1
665,329,1
665,1864,1
666,517,1
666,926,1
666,1183,1
666,1705,1
666,1737,1
666,1916,1
666,1953,1
667,40,1
667,1647,1
667,1738,1
667,1879,1
668,1737,1
669,1153,1
669,1724,1
669,1737,1
670,1707,1
672,1630,1
672,1737,1
672,1879,1
673,27,1
673,38,1
673,681,1
673,866,1
673,1480,1
673,1546,1
673,1774,1
673,1877,1
673,1914,1
673,1920,1
674,1154,1
674,1606,1
674,1642,1
674,1809,1
674,1897,1
675,1475,1
675,1737,1
676,40,1
676,1737,1
676,1879,1
676,1902,1
677,29,1
677,179,1
677,1451,1
677,1920,1
678,186,1
678,306,1
678,1123,1
678,1376,1
678,1809,1
678,1856,1
678,1864,1
679,169,1
679,1412,1
680,614,1
680,1143,1
680,1883,1
680,1894,1
680,1944,1
681,253,1
681,1523,1
681,1630,1
681,1718,1
681,1737,1
681,1864,1
682,698,1
682,929,1
682,1559,1
682,1737,1
682,1842,1
683,707,1
683,1139,1
683,1212,1
683,1864,1
683,1979,1
684,700,1
684,766,1
684,1607,1
684,1751,1
685,248,1
685,1855,1
686,1033,1
687,1864,1
688,1646,1
688,1742,1
688,1882,1
690,884,1
690,1351,1
690,1737,1
690,1979,1
691,1724,1
691,1851,1
691,1864,1
691,1920,1
692,277,1
692,1117,1
692,1647,1
692,1836,1
692,1964,1
692,1970,1
694,1716,1
694,1940,1
695,543,1
695,1861,1
696,953,1
696,1831,1
697,442,1
697,557,1
697,1645,1
697,1724,1
698,33,1
698,710,1
699,1914,1
700,579,1
700,1506,1
700,1559,1
700,1737,1
700,1767,1
700,1928,1
700,1983,1
701,1727,1
701,1940,1
702,1771,1
702,1920,1
703,1207,1
703,1279,1
703,1948,1
704,422,1
704,905,1
704,1761,1
705,1809,1
706,421,1
706,716,1
706,1548,1
706,1964,1
707,534,1
707,1631,1
707,1679,1
707,1920,1
708,929,1
708,1620,1
708,1864,1
709,150,1
709,1864,1
709,1897,1
710,318,1
710,558,1
710,1374,1
710,1631,1
710,1737,1
710,1853,1
710,1900,1
710,1920,1
711,1853,1
711,1882,1
712,1122,1
712,1714,1
712,1890,1
713,1908,1
714,1439,1
714,1630,1
714,1724,1
714,1737,1
714,1864,1
714,1920,1
715,929,1
715,1460,1
716,1279,1
716,1880,1
716,1936,1
717,1630,1
717,1645,1
717,1725,1
717,1737,1
717,1890,1
718,70,1
718,726,1
719,1559,1
719,1742,1
719,1864,1
719,1925,1
719,1980,1
721,96,1
721,170,1
721,482,1
721,1073,1
721,1645,1
721,1855,1
721,1862,1
721,1920,1
721,1940,1
722,742,1
722,1979,1
723,1737,1
724,1737,1
725,700,1
725,1059,1
725,1288,1
725,1742,1
726,1737,1
726,1890,1
726,1983,1
727,303,1
727,1879,1
727,1882,1
728,1328,1
728,1864,1
729,468,1
729,1284,1
729,1986,1
730,547,1
730,1488,1
730,1580,1
732,239,1
732,1555,1
732,1564,1
732,1601,1
732,1630,1
732,1749,1
732,1756,1
732,1883,1
732,1921,1
733,684,1
733,1201,1
734,323,1
734,329,1
734,707,1
734,738,1
734,873,1
734,1377,1
734,1737,1
735,578,1
735,1185,1
735,1645,1
735,1704,1
735,1724,1
735,1737,1
735,1821,1
736,211,1
736,1630,1
736,1724,1
736,1737,1
737,1620,1
738,1212,1
738,1687,1
738,1884,1
739,1031,1
739,1727,1
739,1865,1
740,1737,1
741,77,1
741,277,1
741,1360,1
741,1950,1
742,517,1
742,817,1
742,872,1
742,1584,1
742,1855,1
742,1864,1
742,1920,1
743,466,1
743,578,1
743,829,1
743,1647,1
743,1879,1
743,1920,1
743,1964,1
745,322,1
745,539,1
745,1307,1
745,1687,1
745,1737,1
745,1774,1
745,1787,1
745,1885,1
745,1888,1
745,1895,1
745,1902,1
745,1986,1
745,1991,1
746,1570,1
746,1693,1
746,1737,1
746,1776,1
747,1920,1
748,1630,1
748,1940,1
748,1991,1
749,1879,1
750,377,1
750,1647,1
750,1883,1
750,1940,1
751,1705,1
752,1774,1
752,1920,1
753,366,1
753,1644,1
753,1724,1
753,1941,1
754,782,1
754,1737,1
755,537,1
755,633,1
755,1645,1
755,1721,1
755,1737,1
755,1774,1
755,1786,1
755,1855,1
755,1860,1
755,1926,1
756,896,1
757,364,1
757,1559,1
757,1630,1
758,1920,1
759,452,1
759,790,1
759,979,1
759,1472,1
760,1303,1
761,15,1
761,1506,1
761,1822,1
761,1823,1
761,1914,1
761,1918,1
762,1921,1
763,1511,1
763,1630,1
763,1670,1
763,1929,1
763,1973,1
764,508,1
764,1777,1
764,1968,1
765,1737,1
766,959,1
766,1879,1
766,1920,1
767,181,1
767,1111,1
768,159,1
768,447,1
768,761,1
768,792,1
768,1214,1
768,1416,1
768,1630,1
768,1724,1
768,1737,1
769,451,1
769,1882,1
770,973,1
770,1470,1
772,1853,1
772,1879,1
773,1885,1
774,1883,1
775,970,1
775,1679,1
775,1864,1
775,1883,1
775,1913,1
776,884,1
776,1630,1
776,1702,1
776,1864,1
776,1879,1
776,1880,1
776,1890,1
776,1930,1
776,1983,1
777,1162,1
777,1260,1
777,1705,1
777,1737,1
777,1784,1
778,1624,1
778,1630,1
778,1737,1
778,1920,1
779,414,1
779,548,1
779,625,1
779,956,1
779,1646,1
779,1737,1
779,1769,1
779,1777,1
779,1884,1
779,1940,1
780,1880,1
780,1942,1
781,345,1
781,445,1
781,698,1
781,1448,1
781,1756,1
781,1882,1
781,1991,1
782,1472,1
782,1899,1
782,1920,1
783,222,1
783,1511,1
783,1737,1
784,929,1
784,1717,1
784,1737,1
784,1881,1
784,1983,1
785,447,1
785,1470,1
786,1472,1
786,1737,1
786,1884,1
787,1864,1
787,1883,1
787,1921,1
788,395,1
788,1253,1
788,1737,1
788,1765,1
789,651,1
789,1570,1
790,1920,1
791,170,1
791,447,1
791,1342,1
791,1630,1
791,1883,1
792,682,1
792,1548,1
792,1895,1
792,1920,1
793,226,1
793,748,1
793,1217,1
793,1737,1
793,1742,1
794,1213,1
794,1727,1
794,1864,1
794,1870,1
794,1890,1
795,872,1
795,1062,1
796,526,1
796,609,1
796,1716,1
796,1737,1
796,1811,1
797,1714,1
797,1864,1
797,1984,1
798,1377,1
798,1647,1
799,366,1
799,1523,1
799,1649,1
799,1902,1
800,468,1
801,97,1
801,137,1
801,183,1
801,188,1
801,226,1
801,547,1
801,683,1
801,1679,1
801,1705,1
801,1864,1
801,1879,1
801,1894,1
801,1958,1
802,1705,1
803,612,1
803,676,1
803,831,1
803,1630,1
804,40,1
804,1737,1
804,1920,1
805,1880,1
805,1882,1
805,1889,1
806,506,1
806,517,1
806,872,1
806,1053,1
806,1704,1
806,1724,1
806,1737,1
806,1879,1
806,1890,1
806,1914,1
807,169,1
807,842,1
807,1630,1
807,1737,1
807,1862,1
807,1897,1
807,1909,1
807,1940,1
808,636,1
808,1684,1
810,1169,1
810,1630,1
810,1756,1
811,1879,1
812,1069,1
812,1309,1
812,1818,1
812,1940,1
812,1974,1
814,59,1
816,1883,1
816,1930,1
817,45,1
817,557,1
817,1341,1
817,1985,1
818,7,1
818,929,1
818,1030,1
818,1737,1
818,1769,1
818,1879,1
818,1882,1
818,1883,1
818,1884,1
818,1920,1
819,683,1
819,1728,1
820,1253,1
820,1502,1
820,1765,1
820,1831,1
820,1864,1
820,1994,1
821,56,1
821,411,1
821,929,1
821,1265,1
821,1642,1
821,1751,1
821,1864,1
821,1866,1
821,1934,1
822,557,1
822,804,1
822,1523,1
823,1647,1
823,1738,1
824,1188,1
824,1948,1
825,163,1
825,1015,1
825,1704,1
825,1879,1
825,1882,1
826,222,1
826,1407,1
827,854,1
827,1883,1
827,1934,1
828,1059,1
828,1714,1
828,1737,1
829,197,1
829,616,1
829,1461,1
829,1882,1
831,1742,1
831,1883,1
831,1921,1
832,1289,1
832,1645,1
833,216,1
833,1647,1
833,1991,1
834,366,1
834,562,1
834,1619,1
834,1864,1
834,1940,1
835,614,1
835,1630,1
835,1727,1
835,1742,1
836,275,1
836,505,1
836,537,1
836,664,1
836,1154,1
836,1325,1
836,1630,1
836,1774,1
836,1864,1
837,804,1
837,1123,1
837,1184,1
838,240,1
838,1870,1
839,1653,1
839,1716,1
839,1879,1
840,27,1
840,286,1
840,1511,1
840,1737,1
840,1872,1
840,1893,1
840,1894,1
841,1609,1
841,1753,1
842,200,1
842,628,1
842,1737,1
842,1832,1
842,1847,1
843,1010,1
843,1123,1
843,1864,1
844,1724,1
844,1725,1
844,1920,1
844,1950,1
845,233,1
845,700,1
845,1820,1
845,1879,1
845,1882,1
845,1919,1
846,1687,1
846,1704,1
846,1882,1
846,1970,1
847,442,1
847,1623,1
847,1717,1
847,1724,1
847,1853,1
847,1940,1
848,1277,1
848,1617,1
848,1619,1
850,186,1
850,447,1
850,676,1
850,1724,1
851,233,1
851,597,1
851,1024,1
851,1630,1
851,1872,1
851,1882,1
852,371,1
852,396,1
852,420,1
852,470,1
852,676,1
852,706,1
852,1580,1
852,1653,1
852,1756,1
852,1841,1
852,1853,1
852,1864,1
852,1878,1
852,1908,1
852,1916,1
853,285,1
853,1699,1
853,1850,1
854,219,1
854,1305,1
854,1630,1
855,664,1
855,1060,1
855,1856,1
856,273,1
856,277,1
856,1707,1
856,1713,1
856,1724,1
856,1878,1
856,1964,1
857,210,1
857,394,1
857,628,1
857,698,1
857,1707,1
857,1737,1
857,1742,1
857,1831,1
858,1064,1
858,1705,1
858,1925,1
859,1030,1
859,1879,1
860,782,1
860,1123,1
860,1624,1
860,1897,1
861,625,1
861,1511,1
861,1609,1
861,1689,1
861,1832,1
862,557,1
862,1309,1
862,1864,1
862,1918,1
863,1284,1
863,1656,1
863,1879,1
864,1742,1
864,1864,1
864,1934,1
865,1686,1
866,784,1
866,1631,1
866,1737,1
866,1879,1
867,11,1
867,1877,1
867,1880,1
868,87,1
868,285,1
868,595,1
868,804,1
868,1198,1
868,1588,1
868,1737,1
868,1845,1
869,1018,1
869,1334,1
869,1737,1
869,1879,1
870,118,1
870,1855,1
870,1864,1
870,1882,1
870,1940,1
871,277,1
871,1599,1
871,1708,1
871,1724,1
871,1920,1
872,508,1
872,1709,1
872,1823,1
872,1950,1
872,1964,1
873,979,1
873,1710,1
874,698,1
874,1381,1
874,1709,1
874,1864,1
874,1925,1
874,1970,1
875,556,1
875,739,1
875,929,1
875,1599,1
875,1649,1
875,1689,1
875,1724,1
875,1737,1
875,1878,1
875,1991,1
876,393,1
876,1523,1
876,1737,1
876,1879,1
877,179,1
877,1890,1
877,1928,1
877,1984,1
878,507,1
878,597,1
878,620,1
878,651,1
878,895,1
878,1044,1
878,1201,1
878,1494,1
878,1704,1
878,1710,1
878,1713,1
878,1717,1
878,1737,1
878,1782,1
878,1864,1
878,1879,1
878,1920,1
878,1940,1
879,309,1
879,1677,1
879,1920,1
880,1132,1
880,1864,1
881,19,1
881,343,1
881,414,1
881,887,1
881,1567,1
881,1742,1
881,1856,1
881,1879,1
881,1883,1
881,1964,1
881,1983,1
882,1737,1
882,1948,1
883,1377,1
883,1570,1
883,1705,1
883,1930,1
884,1883,1
884,1920,1
885,200,1
885,1405,1
885,1630,1
885,1718,1
885,1920,1
885,1950,1
885,1990,1
886,1630,1
886,1724,1
886,1737,1
886,1897,1
887,68,1
887,1665,1
887,1864,1
888,1038,1
888,1532,1
888,1645,1
888,1721,1
888,1737,1
888,1742,1
888,1765,1
889,895,1
889,1097,1
889,1412,1
889,1611,1
889,1918,1
890,786,1
890,1446,1
890,1855,1
890,1968,1
891,822,1
891,1374,1
891,1704,1
891,1737,1
892,1511,1
892,1737,1
892,1882,1
892,1883,1
892,1929,1
893,212,1
893,734,1
893,1195,1
893,1640,1
893,1737,1
894,318,1
894,1713,1
894,1853,1
894,1883,1
895,173,1
895,407,1
895,1645,1
895,1737,1
895,1765,1
895,1864,1
895,1882,1
895,1902,1
896,232,1
896,1609,1
896,1920,1
896,1940,1
898,1724,1
898,1785,1
898,1870,1
899,700,1
900,871,1
900,1339,1
900,1934,1
901,860,1
901,1271,1
901,1897,1
902,1630,1
902,1737,1
903,106,1
903,1024,1
903,1717,1
903,1864,1
903,1902,1
904,638,1
904,1630,1
905,1864,1
905,1936,1
906,498,1
906,539,1
906,684,1
906,1940,1
906,1991,1
907,40,1
907,629,1
907,1737,1
907,1864,1
907,1882,1
908,1631,1
909,1158,1
910,684,1
910,1123,1
910,1226,1
910,1511,1
910,1600,1
910,1737,1
910,1831,1
910,1879,1
911,63,1
911,496,1
911,1737,1
913,1010,1
913,1645,1
913,1879,1
914,169,1
914,1737,1
915,1377,1
915,1470,1
915,1631,1
915,1737,1
916,324,1
916,739,1
916,1546,1
916,1707,1
916,1737,1
917,871,1
917,1405,1
917,1756,1
917,1831,1
917,1864,1
917,1914,1
917,1920,1
918,1049,1
918,1675,1
918,1809,1
919,1654,1
919,1879,1
920,953,1
920,1675,1
921,395,1
921,1646,1
921,1867,1
921,1940,1
922,1321,1
922,1679,1
923,708,1
923,1292,1
923,1660,1
923,1679,1
923,1694,1
923,1737,1
923,1879,1
923,1883,1
923,1902,1
923,1983,1
924,337,1
924,1707,1
924,1906,1
924,1920,1
924,1960,1
925,442,1
925,1569,1
925,1718,1
925,1782,1
925,1890,1
926,368,1
926,579,1
926,676,1
926,933,1
926,1521,1
926,1742,1
926,1920,1
926,1925,1
927,1864,1
929,1011,1
929,1185,1
929,1620,1
929,1630,1
929,1737,1
929,1826,1
930,1068,1
930,1156,1
931,277,1
931,1103,1
931,1468,1
931,1883,1
932,1200,1
933,743,1
933,798,1
933,1940,1
934,929,1
934,1001,1
934,1630,1
934,1737,1
934,1760,1
934,1831,1
934,1864,1
934,1881,1
934,1883,1
934,1920,1
934,1940,1
934,1990,1
935,726,1
935,1427,1
935,1774,1
936,480,1
936,1495,1
936,1524,1
936,1630,1
936,1984,1
937,1736,1
937,1765,1
938,1616,1
939,218,1
939,385,1
939,579,1
939,1321,1
939,1704,1
939,1713,1
939,1737,1
939,1828,1
940,1704,1
940,1805,1
940,1879,1
941,710,1
941,1645,1
942,1163,1
942,1447,1
942,1630,1
942,1670,1
942,1705,1
942,1737,1
942,1826,1
942,1856,1
942,1970,1
943,1725,1
944,1934,1
944,1990,1
945,929,1
945,1861,1
945,1964,1
947,1725,1
947,1733,1
947,1864,1
948,309,1
948,1053,1
948,1712,1
948,1883,1
949,166,1
949,1920,1
950,359,1
950,407,1
950,451,1
950,870,1
950,979,1
950,1159,1
950,1419,1
950,1630,1
950,1687,1
950,1705,1
950,1724,1
950,1737,1
950,1756,1
950,1771,1
950,1831,1
950,1861,1
950,1864,1
951,1530,1
951,1597,1
951,1630,1
951,1737,1
951,1741,1
951,1951,1
952,770,1
952,1188,1
952,1986,1
953,1879,1
954,1894,1
955,1458,1
955,1727,1
955,1811,1
956,102,1
956,266,1
956,513,1
956,1737,1
956,1864,1
956,1879,1
956,1903,1
956,1991,1
957,20,1
957,50,1
957,1590,1
957,1894,1
958,1433,1
958,1687,1
959,284,1
959,1479,1
959,1864,1
959,1940,1
960,389,1
960,929,1
960,1162,1
960,1993,1
961,240,1
961,1907,1
962,77,1
962,173,1
962,704,1
962,1239,1
962,1439,1
962,1607,1
962,1713,1
962,1737,1
962,1882,1
962,1894,1
962,1920,1
962,1934,1
963,1940,1
964,1890,1
965,900,1
965,1727,1
966,1,1
966,513,1
966,1724,1
967,219,1
967,277,1
967,318,1
967,681,1
967,1188,1
967,1511,1
967,1828,1
967,1885,1
968,1894,1
969,1417,1
969,1567,1
970,434,1
971,1452,1
971,1599,1
971,1724,1
971,1879,1
972,324,1
972,664,1
972,1000,1
972,1011,1
972,1080,1
972,1159,1
972,1468,1
972,1675,1
972,1878,1
972,1879,1
972,1882,1
972,1921,1
973,73,1
973,579,1
973,872,1
973,1692,1
973,1756,1
973,1811,1
973,1882,1
974,1471,1
974,1631,1
974,1737,1
974,1836,1
974,1918,1
974,1936,1
975,1081,1
975,1470,1
975,1846,1
976,994,1
976,1665,1
976,1870,1
977,958,1
978,1920,1
979,628,1
979,710,1
980,1480,1
980,1737,1
981,1616,1
981,1864,1
982,1122,1
982,1159,1
982,1687,1
982,1699,1
982,1721,1
982,1774,1
983,676,1
984,284,1
984,776,1
984,979,1
984,1630,1
984,1950,1
985,162,1
985,1296,1
985,1630,1
985,1774,1
985,1873,1
985,1890,1
985,1913,1
986,713,1
986,1139,1
986,1737,1
987,225,1
987,1274,1
987,1603,1
988,197,1
988,1877,1
988,1899,1
989,40,1
989,1647,1
989,1774,1
989,1776,1
989,1889,1
989,1964,1
990,1737,1
991,798,1
992,1053,1
992,1297,1
992,1861,1
992,1862,1
992,1914,1
993,636,1
993,1188,1
993,1737,1
993,1864,1
994,557,1
994,819,1
994,895,1
994,929,1
994,1266,1
994,1511,1
994,1630,1
994,1737,1
994,1821,1
994,1864,1
994,1879,1
994,1882,1
994,1902,1
994,1920,1
994,1968,1
994,1991,1
995,929,1
996,609,1
996,651,1
997,1645,1
997,1847,1
998,1275,1
998,1342,1
998,1425,1
998,1692,1
999,179,1
999,187,1
999,1704,1
999,1724,1
999,1737,1
1000,232,1
1000,534,1
1000,1630,1
1000,1638,1
1001,240,1
1001,467,1
1001,492,1
1001,1737,1
1001,1920,1
1003,299,1
1003,1805,1
1004,211,1
1004,683,1
1004,1506,1
1004,1675,1
1004,1737,1
1004,1864,1
1005,1390,1
1005,1630,1
1005,1879,1
1006,1809,1
1007,211,1
1007,950,1
1007,1630,1
1007,1731,1
1007,1763,1
1007,1920,1
1008,1216,1
1008,1687,1
1008,1724,1
1008,1897,1
1008,1930,1
1009,1321,1
1009,1609,1
1009,1724,1
1009,1736,1
1009,1742,1
1009,1879,1
1010,518,1
1010,557,1
1010,1617,1
1010,1724,1
1010,1828,1
1010,1879,1
1011,1039,1
1011,1630,1
1012,1782,1
1013,413,1
1013,698,1
1013,907,1
1013,1275,1
1013,1383,1
1013,1713,1
1013,1884,1
1014,609,1
1014,1383,1
1014,1756,1
1014,1864,1
1015,437,1
1015,684,1
1015,1619,1
1015,1705,1
1015,1721,1
1015,1737,1
1015,1751,1
1015,1920,1
1015,1940,1
1015,1985,1
1015,1991,1
1016,1105,1
1016,1600,1
1016,1920,1
1017,240,1
1017,1727,1
1018,455,1
1018,598,1
1018,684,1
1018,697,1
1018,1010,1
1018,1630,1
1018,1940,1
1019,1392,1
1020,596,1
1020,804,1
1020,1899,1
1020,1908,1
1021,461,1
1021,518,1
1021,698,1
1021,821,1
1021,1630,1
1021,1647,1
1022,503,1
1022,1159,1
1023,1204,1
1023,1679,1
1023,1940,1
1024,1619,1
1024,1670,1
1024,1737,1
1024,1972,1
1025,1038,1
1025,1193,1
1025,1675,1
1025,1879,1
1025,1894,1
1026,1705,1
1027,1716,1
1027,1785,1
1028,61,1
1028,979,1
1028,983,1
1028,1727,1
1028,1864,1
1028,1879,1
1029,664,1
1029,962,1
1029,1604,1
1029,1702,1
1029,1737,1
1029,1856,1
1029,1864,1
1029,1916,1
1030,676,1
1030,1311,1
1030,1737,1
1031,1925,1
1032,1698,1
1032,1724,1
1032,1920,1
1033,792,1
1033,1692,1
1033,1737,1
1033,1831,1
1033,1864,1
1033,1883,1
1033,1894,1
1034,909,1
1034,1015,1
1034,1550,1
1034,1795,1
1035,1630,1
1035,1713,1
1035,1855,1
1035,1883,1
1035,1920,1
1036,776,1
1036,1696,1
1036,1883,1
1037,596,1
1037,636,1
1037,1687,1
1037,1940,1
1038,1737,1
1039,222,1
1039,428,1
1039,676,1
1039,957,1
1039,1578,1
1039,1737,1
1039,1864,1
1039,1879,1
1039,1950,1
1040,676,1
1040,1638,1
1040,1645,1
1040,1670,1
1040,1737,1
1041,1791,1
1042,557,1
1042,1749,1
1043,1588,1
1043,1724,1
1043,1920,1
1044,1158,1
1044,1630,1
1045,179,1
1045,242,1
1045,387,1
1045,466,1
1045,535,1
1045,1550,1
1046,1550,1
1046,1756,1
1046,1879,1
1046,1940,1
1047,1,1
1047,879,1
1047,1151,1
1047,1920,1
1047,1950,1
1048,210,1
1048,1154,1
1048,1184,1
1048,1226,1
1048,1882,1
1048,1883,1
1049,79,1
1049,606,1
1049,710,1
1049,1630,1
1049,1704,1
1049,1737,1
1049,1787,1
1049,1850,1
1049,1870,1
1049,1881,1
1049,1940,1
1049,1991,1
1050,1038,1
1051,299,1
1051,357,1
1051,698,1
1051,1710,1
1051,1879,1
1051,1890,1
1053,596,1
1053,676,1
1053,1328,1
1053,1742,1
1053,1787,1
1053,1903,1
1053,1950,1
1053,1970,1
1054,1724,1
1054,1883,1
1055,1864,1
1055,1883,1
1056,398,1
1057,54,1
1057,167,1
1057,673,1
1057,1716,1
1057,1920,1
1057,1990,1
1058,496,1
1058,1061,1
1058,1523,1
1058,1756,1
1058,1791,1
1058,1879,1
1058,1895,1
1058,1920,1
1059,1304,1
1059,1411,1
1059,1607,1
1059,1737,1
1059,1864,1
1060,10,1
1060,187,1
1060,1113,1
1060,1159,1
1060,1718,1
1060,1737,1
1060,1925,1
1061,451,1
1061,461,1
1061,743,1
1061,1123,1
1061,1737,1
1061,1929,1
1062,1737,1
1062,1883,1
1062,1964,1
1062,1991,1
1063,698,1
1063,1721,1
1063,1737,1
1064,306,1
1064,1523,1
1064,1885,1
1064,1936,1
1065,1940,1
1066,1737,1
1067,1143,1
1067,1407,1
1067,1611,1
1068,40,1
1068,1765,1
1068,1882,1
1068,1909,1
1068,1920,1
1069,499,1
1069,824,1
1069,1053,1
1069,1125,1
1069,1640,1
1070,470,1
1070,633,1
1070,806,1
1070,1879,1
1071,1057,1
1071,1914,1
1072,208,1
1072,1200,1
1072,1964,1
1073,608,1
1073,682,1
1073,1420,1
1073,1895,1
1074,888,1
1074,1846,1
1074,1882,1
1076,1940,1
1077,324,1
1078,642,1
1078,726,1
1078,1253,1
1078,1581,1
1078,1737,1
1078,1908,1
1080,284,1
1080,682,1
1080,1645,1
1080,1737,1
1080,1742,1
1080,1882,1
1080,1920,1
1081,27,1
1081,411,1
1081,1675,1
1081,1737,1
1082,770,1
1083,165,1
1083,197,1
1083,1724,1
1083,1879,1
1084,393,1
1084,1301,1
1084,1548,1
1084,1737,1
1084,1885,1
1084,1920,1
1084,1934,1
1085,697,1
1085,1376,1
1085,1737,1
1086,572,1
1086,1201,1
1086,1705,1
1087,106,1
1087,283,1
1087,929,1
1087,979,1
1087,1675,1
1088,1630,1
1088,1991,1
1089,342,1
1089,1640,1
1089,1940,1
1090,1010,1
1090,1710,1
1090,1881,1
1090,1920,1
1091,1113,1
1091,1630,1
1091,1724,1
1091,1830,1
1091,1883,1
1092,1630,1
1092,1721,1
1092,1864,1
1093,1774,1
1093,1882,1
1094,173,1
1094,628,1
1094,1226,1
1094,1879,1
1095,184,1
1095,557,1
1095,959,1
1095,1675,1
1095,1724,1
1095,1774,1
1095,1934,1
1096,1630,1
1096,1646,1
1096,1724,1
1096,1737,1
1096,1774,1
1096,1851,1
1096,1872,1
1096,1914,1
1096,1983,1
1097,97,1
1097,1119,1
1099,710,1
1099,1737,1
1100,22,1
1100,40,1
1100,518,1
1100,520,1
1100,1410,1
1100,1630,1
1100,1724,1
1100,1741,1
1100,1882,1
1100,1940,1
1100,1991,1
1101,1784,1
1102,1821,1
1102,1940,1
1103,1022,1
1103,1468,1
1103,1861,1
1104,1122,1
1104,1737,1
1104,1948,1
1105,991,1
1105,1737,1
1105,1742,1
1105,1889,1
1106,578,1
1106,1590,1
1106,1946,1
1107,700,1
1107,1412,1
1108,970,1
1108,1727,1
1108,1983,1
1109,309,1
1109,1985,1
1110,442,1
1110,1646,1
1110,1920,1
1111,1226,1
1111,1319,1
1111,1670,1
1112,298,1
1112,726,1
1113,1646,1
1113,1864,1
1113,1882,1
1114,595,1
1114,1737,1
1115,211,1
1115,1630,1
1115,1683,1
1115,1718,1
1115,1724,1
1115,1742,1
1115,1842,1
1115,1882,1
1116,1738,1
1117,366,1
1117,1737,1
1118,1647,1
1118,1652,1
1119,1053,1
1119,1320,1
1119,1630,1
1120,1630,1
1120,1724,1
1120,1864,1
1120,1872,1
1120,1991,1
1121,1473,1
1121,1883,1
1121,1972,1
1122,676,1
1122,1704,1
1122,1737,1
1123,1580,1
1124,1724,1
1124,1737,1
1124,1884,1
1125,1027,1
1125,1630,1
1125,1675,1
1125,1940,1
1126,1631,1
1126,1737,1
1126,1751,1
1126,1919,1
1126,1950,1
1127,309,1
1127,1374,1
1128,1176,1
1128,1630,1
1128,1737,1
1129,1147,1
1129,1630,1
1129,1737,1
1129,1972,1
1130,40,1
1130,447,1
1130,1021,1
1130,1447,1
1130,1479,1
1130,1667,1
1130,1889,1
1130,1991,1
1131,616,1
1131,676,1
1131,1943,1
1132,197,1
1132,585,1
1132,1123,1
1132,1572,1
1132,1705,1
1132,1721,1
1132,1864,1
1132,1902,1
1133,735,1
1133,1185,1
1134,8,1
1134,1705,1
1134,1737,1
1134,1972,1
1135,819,1
1135,1233,1
1135,1940,1
1136,222,1
1136,1879,1
1137,222,1
1137,407,1
1137,848,1
1137,895,1
1137,1737,1
1137,1884,1
1138,56,1
1138,179,1
1138,411,1
1138,1630,1
1138,1677,1
1138,1737,1
1139,1687,1
1139,1737,1
1139,1864,1
1140,1717,1
1140,1855,1
1140,1879,1
1140,1885,1
1140,1902,1
1141,676,1
1141,840,1
1141,1320,1
1141,1631,1
1141,1831,1
1141,1883,1
1141,1929,1
1142,222,1
1142,676,1
1142,1214,1
1142,1630,1
1142,1737,1
1142,1826,1
1142,1841,1
1142,1879,1
1142,1883,1
1142,1900,1
1142,1921,1
1143,452,1
1143,726,1
1143,1288,1
1143,1864,1
1144,1737,1
1144,1883,1
1145,536,1
1145,1630,1
1145,1724,1
1145,1742,1
1145,1831,1
1146,1630,1
1146,1737,1
1147,633,1
1147,1737,1
1147,1879,1
1147,1920,1
1148,143,1
1148,1448,1
1148,1675,1
1148,1774,1
1149,522,1
1149,1128,1
1149,1864,1
1149,1879,1
1149,1883,1
1150,1320,1
1150,1630,1
1150,1714,1
1150,1920,1
1151,398,1
1151,412,1
1151,1550,1
1151,1882,1
1152,676,1
1152,948,1
1152,1737,1
1152,1883,1
1152,1940,1
1153,1864,1
1154,468,1
1154,842,1
1154,1737,1
1154,1879,1
1155,1645,1
1155,1670,1
1155,1884,1
1156,1604,1
1156,1737,1
1156,1882,1
1156,1884,1
1156,1914,1
1157,1630,1
1158,682,1
1158,1123,1
1158,1212,1
1158,1608,1
1158,1774,1
1158,1895,1
1159,632,1
1159,786,1
1159,1742,1
1160,24,1
1160,1645,1
1160,1882,1
1161,696,1
1161,1737,1
1161,1785,1
1162,918,1
1162,1737,1
1162,1866,1
1162,1881,1
1163,216,1
1163,276,1
1163,343,1
1163,350,1
1163,577,1
1163,669,1
1163,684,1
1163,755,1
1163,770,1
1163,793,1
1163,1039,1
1163,1068,1
1163,1213,1
1163,1260,1
1163,1363,1
1163,1631,1
1163,1721,1
1163,1774,1
1163,1826,1
1163,1861,1
1163,1902,1
1163,1940,1
1163,1958,1
1164,106,1
1164,329,1
1164,545,1
1164,1167,1
1164,1731,1
1164,1811,1
1164,1879,1
1165,178,1
1165,654,1
1165,1737,1
1165,1784,1
1165,1864,1
1166,698,1
1166,819,1
1166,1283,1
1166,1879,1
1166,1883,1
1166,1973,1
1167,219,1
1167,895,1
1167,1529,1
1167,1742,1
1168,1864,1
1168,1991,1
1169,186,1
1169,782,1
1169,790,1
1169,1559,1
1170,1645,1
1170,1646,1
1170,1689,1
1170,1693,1
1170,1710,1
1170,1883,1
1171,485,1
1171,508,1
1171,979,1
1171,987,1
1171,1153,1
1171,1217,1
1171,1631,1
1171,1737,1
1171,1742,1
1172,706,1
1172,1737,1
1172,1979,1
1174,115,1
1174,774,1
1174,1215,1
1174,1630,1
1174,1646,1
1174,1894,1
1174,1895,1
1174,1995,1
1175,1814,1
1176,1492,1
1176,1737,1
1176,1925,1
1177,801,1
1177,894,1
1177,1447,1
1177,1742,1
1178,267,1
1178,1811,1
1179,628,1
1179,684,1
1179,782,1
1179,1119,1
1179,1631,1
1179,1647,1
1179,1742,1
1179,1864,1
1179,1878,1
1179,1879,1
1179,1880,1
1179,1918,1
1179,1936,1
1179,1975,1
1179,1991,1
1180,698,1
1180,820,1
1180,1640,1
1180,1742,1
1180,1774,1
1180,1855,1
1181,1122,1
1181,1472,1
1181,1864,1
1181,1914,1
1182,700,1
1182,1132,1
1183,10,1
1183,538,1
1183,698,1
1183,1583,1
1183,1631,1
1183,1640,1
1183,1670,1
1183,1721,1
1183,1879,1
1183,1882,1
1183,1934,1
1184,226,1
1184,999,1
1184,1138,1
1184,1610,1
1184,1725,1
1184,1864,1
1184,1895,1
1184,1925,1
1185,93,1
1185,742,1
1185,1093,1
1186,1314,1
1186,1724,1
1186,1737,1
1186,1831,1
1186,1877,1
1186,1883,1
1187,795,1
1188,782,1
1188,1787,1
1189,273,1
1189,529,1
1189,1330,1
1189,1630,1
1189,1724,1
1189,1774,1
1189,1920,1
1190,776,1
1190,1108,1
1191,1610,1
1191,1721,1
1191,1806,1
1191,1831,1
1192,483,1
1192,870,1
1192,1350,1
1192,1630,1
1192,1737,1
1192,1879,1
1193,690,1
1193,1045,1
1193,1737,1
1193,1756,1
1193,1864,1
1194,508,1
1194,1870,1
1194,1879,1
1195,836,1
1195,1395,1
1195,1916,1
1196,1964,1
1197,1264,1
1198,1864,1
1199,430,1
1199,872,1
1199,1154,1
1199,1201,1
1199,1559,1
1199,1704,1
1199,1725,1
1199,1830,1
1199,1884,1
1199,1897,1
1199,1980,1
1200,394,1
1200,467,1
1200,1374,1
1200,1642,1
1200,1707,1
1200,1742,1
1200,1883,1
1200,1915,1
1200,1920,1
1200,1985,1
1201,534,1
1201,1645,1
1202,38,1
1202,1737,1
1202,1797,1
1202,1920,1
1202,1936,1
1203,467,1
1203,1704,1
1203,1756,1
1204,929,1
1204,1297,1
1204,1879,1
1204,1914,1
1205,1687,1
1207,407,1
1207,498,1
1207,726,1
1207,972,1
1207,1737,1
1207,1936,1
1208,166,1
1208,542,1
1209,999,1
1209,1879,1
1209,1882,1
1209,1883,1
1209,1909,1
1210,557,1
1210,682,1
1210,770,1
1210,1530,1
1210,1737,1
1211,1188,1
1211,1599,1
1211,1721,1
1211,1795,1
1211,1843,1
1211,1925,1
1212,277,1
1212,1471,1
1212,1737,1
1213,476,1
1213,1351,1
1213,1630,1
1213,1645,1
1213,1724,1
1213,1864,1
1214,1226,1
1214,1721,1
1215,517,1
1215,1511,1
1215,1724,1
1215,1746,1
1215,1879,1
1216,281,1
1216,1015,1
1216,1122,1
1216,1640,1
1216,1940,1
1217,1831,1
1217,1920,1
1218,1902,1
1219,627,1
1219,895,1
1220,222,1
1220,726,1
1220,1724,1
1221,324,1
1221,1774,1
1221,1939,1
1222,1751,1
1222,1920,1
1223,534,1
1223,608,1
1223,1737,1
1223,1940,1
1224,43,1
1224,1147,1
1224,1511,1
1225,703,1
1226,32,1
1226,163,1
1226,518,1
1226,676,1
1226,1878,1
1226,1882,1
1226,1920,1
1227,1991,1
1228,106,1
1228,782,1
1228,1158,1
1228,1640,1
1228,1677,1
1228,1894,1
1229,309,1
1229,1631,1
1229,1737,1
1229,1964,1
1230,41,1
1230,108,1
1230,306,1
1230,991,1
1230,1756,1
1230,1841,1
1231,33,1
1231,929,1
1231,1015,1
1231,1191,1
1231,1630,1
1231,1737,1
1231,1879,1
1232,1940,1
1233,737,1
1233,1737,1
1234,159,1
1234,467,1
1234,1015,1
1235,1879,1
1235,1883,1
1236,186,1
1236,1417,1
1236,1617,1
1236,1693,1
1237,775,1
1237,1648,1
1237,1737,1
1238,633,1
1238,1523,1
1238,1724,1
1238,1737,1
1238,1864,1
1238,1920,1
1239,950,1
1239,1329,1
1239,1368,1
1239,1742,1
1239,1881,1
1239,1882,1
1239,1980,1
1240,1811,1
1240,1879,1
1240,1883,1
1241,624,1
1241,840,1
1241,1713,1
1242,306,1
1242,411,1
1242,1133,1
1242,1191,1
1242,1553,1
1242,1640,1
1242,1738,1
1243,1630,1
1243,1940,1
1244,1503,1
1244,1895,1
1244,1972,1
1245,1882,1
1246,87,1
1246,1284,1
1246,1675,1
1246,1751,1
1246,1879,1
1247,805,1
1247,1525,1
1247,1631,1
1247,1737,1
1247,1782,1
1248,734,1
1250,18,1
1250,405,1
1250,446,1
1250,466,1
1250,544,1
1250,1159,1
1250,1425,1
1250,1559,1
1250,1619,1
1250,1630,1
1250,1642,1
1250,1687,1
1250,1711,1
1250,1713,1
1250,1724,1
1250,1751,1
1250,1756,1
1250,1856,1
1250,1866,1
1250,1882,1
1250,1883,1
1250,1921,1
1250,1925,1
1250,1930,1
1250,1940,1
1250,1994,1
1250,1995,1
1251,1382,1
1251,1721,1
1252,1737,1
1252,1879,1
1253,822,1
1253,1836,1
1253,1979,1
1254,895,1
1255,782,1
1255,929,1
1256,1741,1
1256,1950,1
1257,1630,1
1257,1804,1
1258,106,1
1258,518,1
1258,929,1
1258,1652,1
1258,1737,1
1258,1774,1
1258,1948,1
1259,33,1
1259,1630,1
1259,1718,1
1259,1890,1
1260,74,1
1260,1312,1
1260,1665,1
1260,1920,1
1261,287,1
1261,1704,1
1261,1928,1
1262,1737,1
1263,786,1
1263,1184,1
1263,1737,1
1263,1742,1
1263,1885,1
1263,1920,1
1264,580,1
1264,819,1
1264,1883,1
1264,1889,1
1265,1143,1
1265,1847,1
1265,1902,1
1266,1711,1
1266,1964,1
1267,1864,1
1268,163,1
1268,1653,1
1268,1737,1
1269,40,1
1269,106,1
1269,495,1
1269,737,1
1269,819,1
1269,1325,1
1269,1630,1
1269,1647,1
1269,1718,1
1269,1737,1
1269,1828,1
1269,1894,1
1269,1897,1
1269,1914,1
1270,466,1
1270,1734,1
1270,1856,1
1270,1920,1
1271,537,1
1271,622,1
1271,1724,1
1271,1934,1
1272,1720,1
1272,1751,1
1274,1711,1
1274,1864,1
1275,95,1
1275,929,1
1275,1522,1
1275,1737,1
1275,1864,1
1276,608,1
1276,640,1
1276,960,1
1276,1831,1
1277,1647,1
1278,578,1
1278,1059,1
1278,1737,1
1278,1784,1
1278,1879,1
1278,1964,1
1279,405,1
1279,1015,1
1279,1530,1
1279,1597,1
1280,1645,1
1280,1713,1
1280,1991,1
1281,232,1
1281,1737,1
1281,1762,1
1282,10,1
1282,32,1
1282,394,1
1282,676,1
1282,726,1
1282,746,1
1282,943,1
1282,979,1
1282,1254,1
1282,1308,1
1282,1379,1
1282,1630,1
1282,1675,1
1282,1737,1
1282,1828,1
1282,1864,1
1282,1878,1
1282,1879,1
1282,1936,1
1283,1411,1
1283,1727,1
1284,676,1
1284,1154,1
1284,1705,1
1284,1737,1
1284,1953,1
1285,64,1
1285,979,1
1286,211,1
1286,835,1
1286,1642,1
1286,1737,1
1287,1128,1
1287,1718,1
1288,1879,1
1289,616,1
1289,1737,1
1289,1776,1
1289,1864,1
1289,1884,1
1290,1050,1
1290,1757,1
1291,829,1
1291,1159,1
1291,1623,1
1291,1685,1
1291,1774,1
1292,40,1
1292,405,1
1292,698,1
1292,782,1
1292,1902,1
1292,1940,1
1294,1630,1
1294,1861,1
1295,1033,1
1295,1254,1
1295,1920,1
1296,891,1
1296,1630,1
1296,1646,1
1296,1710,1
1297,366,1
1297,895,1
1297,1032,1
1297,1377,1
1297,1630,1
1298,726,1
1298,1878,1
1298,1939,1
1299,299,1
1299,401,1
1299,556,1
1299,1570,1
1299,1861,1
1299,1940,1
1300,1064,1
1301,211,1
1301,636,1
1301,698,1
1301,1562,1
1301,1644,1
1301,1725,1
1301,1936,1
1301,1984,1
1302,675,1
1302,1154,1
1302,1215,1
1302,1879,1
1303,1457,1
1303,1724,1
1303,1737,1
1303,1864,1
1303,1879,1
1304,579,1
1304,756,1
1304,786,1
1304,819,1
1304,895,1
1304,1025,1
1304,1704,1
1304,1742,1
1304,1823,1
1304,1883,1
1305,526,1
1305,1162,1
1305,1651,1
1305,1914,1
1305,1940,1
1306,1925,1
1306,1940,1
1307,676,1
1307,698,1
1308,1630,1
1308,1832,1
1308,1864,1
1308,1991,1
1309,20,1
1309,345,1
1309,405,1
1309,427,1
1309,895,1
1309,1679,1
1309,1724,1
1309,1885,1
1309,1940,1
1310,640,1
1310,1038,1
1310,1920,1
1311,1670,1
1311,1675,1
1311,1855,1
1312,1423,1
1312,1737,1
1313,40,1
1313,1363,1
1313,1447,1
1313,1710,1
1313,1879,1
1313,1882,1
1314,1132,1
1315,1122,1
1315,1894,1
1315,1983,1
1316,1645,1
1316,1940,1
1317,1828,1
1318,277,1
1318,1677,1
1318,1737,1
1319,437,1
1319,929,1
1320,40,1
1320,1864,1
1320,1882,1
1321,274,1
1321,1411,1
1321,1523,1
1321,1631,1
1321,1737,1
1321,1864,1
1321,1879,1
1321,1974,1
1321,1991,1
1322,1699,1
1322,1728,1
1323,1885,1
1324,33,1
1324,211,1
1324,655,1
1324,1717,1
1324,1721,1
1325,798,1
1325,929,1
1325,965,1
1325,1737,1
1325,1920,1
1325,1991,1
1326,1475,1
1326,1879,1
1326,1914,1
1328,451,1
1328,953,1
1328,1121,1
1328,1511,1
1328,1630,1
1328,1856,1
1328,1880,1
1329,118,1
1329,244,1
1329,1831,1
1330,895,1
1330,1630,1
1330,1890,1
1330,1943,1
1331,1,1
1331,498,1
1331,649,1
1331,1630,1
1331,1882,1
1331,1920,1
1331,1925,1
1331,1964,1
1332,211,1
1332,444,1
1332,742,1
1332,1377,1
1332,1646,1
1332,1724,1
1332,1737,1
1332,1940,1
1332,1964,1
1334,103,1
1334,798,1
1334,1188,1
1334,1374,1
1335,1630,1
1336,1183,1
1337,1113,1
1337,1405,1
1337,1781,1
1337,1918,1
1337,1920,1
1338,1049,1
1338,1855,1
1339,323,1
1339,442,1
1339,518,1
1339,1159,1
1339,1257,1
1339,1630,1
1339,1647,1
1339,1727,1
1339,1879,1
1339,1882,1
1341,1212,1
1341,1630,1
1341,1964,1
1342,407,1
1342,1647,1
1342,1756,1
1343,1177,1
1343,1737,1
1344,1853,1
1344,1991,1
1345,1737,1
1346,1693,1
1347,1879,1
1347,1986,1
1348,1406,1
1348,1523,1
1348,1670,1
1349,881,1
1349,1724,1
1349,1908,1
1350,135,1
1350,420,1
1350,1425,1
1350,1687,1
1350,1831,1
1350,1940,1
1351,1920,1
1351,1940,1
1352,174,1
1352,371,1
1352,1737,1
1354,640,1
1354,1925,1
1355,10,1
1355,835,1
1355,1737,1
1355,1879,1
1355,1934,1
1356,1374,1
1356,1480,1
1356,1630,1
1356,1705,1
1356,1948,1
1357,1630,1
1357,1940,1
1358,1590,1
1358,1737,1
1358,1864,1
1359,226,1
1359,1737,1
1359,1890,1
1359,1902,1
1360,597,1
1360,1434,1
1360,1630,1
1360,1883,1
1360,1890,1
1362,77,1
1362,636,1
1362,708,1
1362,1154,1
1362,1436,1
1362,1630,1
1362,1689,1
1362,1724,1
1362,1864,1
1362,1894,1
1362,1907,1
1362,1940,1
1362,1991,1
1363,11,1
1363,710,1
1363,960,1
1363,1705,1
1364,1159,1
1364,1226,1
1364,1630,1
1364,1864,1
1364,1883,1
1365,226,1
1366,780,1
1366,1137,1
1366,1724,1
1367,1737,1
1367,1916,1
1368,1699,1
1368,1709,1
1369,1853,1
1369,1883,1
1369,1991,1
1370,700,1
1370,1111,1
1370,1507,1
1370,1890,1
1370,1920,1
1370,1925,1
1371,1710,1
1371,1737,1
1372,895,1
1373,1253,1
1373,1882,1
1373,1934,1
1374,676,1
1374,1447,1
1374,1537,1
1374,1647,1
1374,1737,1
1374,1853,1
1374,1882,1
1375,371,1
1375,788,1
1375,1724,1
1376,1630,1
1376,1737,1
1376,1920,1
1377,1,1
1377,10,1
1377,27,1
1377,30,1
1377,33,1
1377,38,1
1377,40,1
1377,83,1
1377,92,1
1377,108,1
1377,135,1
1377,166,1
1377,167,1
1377,186,1
1377,187,1
1377,195,1
1377,200,1
1377,211,1
1377,222,1
1377,241,1
1377,343,1
1377,350,1
1377,357,1
1377,366,1
1377,371,1
1377,385,1
1377,412,1
1377,414,1
1377,418,1
1377,447,1
1377,468,1
1377,485,1
1377,611,1
1377,633,1
1377,636,1
1377,660,1
1377,670,1
1377,676,1
1377,680,1
1377,697,1
1377,734,1
1377,766,1
1377,782,1
1377,817,1
1377,842,1
1377,854,1
1377,870,1
1377,895,1
1377,902,1
1377,929,1
1377,979,1
1377,983,1
1377,1015,1
1377,1022,1
1377,1033,1
1377,1081,1
1377,1097,1
1377,1122,1
1377,1132,1
1377,1159,1
1377,1233,1
1377,1271,1
1377,1284,1
1377,1297,1
1377,1302,1
1377,1314,1
1377,1326,1
1377,1328,1
1377,1329,1
1377,1331,1
1377,1334,1
1377,1344,1
1377,1374,1
1377,1376,1
1377,1388,1
1377,1405,1
1377,1417,1
1377,1425,1
1377,1460,1
1377,1467,1
1377,1468,1
1377,1514,1
1377,1573,1
1377,1584,1
1377,1590,1
1377,1620,1
1377,1630,1
1377,1631,1
1377,1633,1
1377,1640,1
1377,1645,1
1377,1647,1
1377,1649,1
1377,1656,1
1377,1657,1
1377,1670,1
1377,1675,1
1377,1679,1
1377,1683,1
1377,1687,1
1377,1711,1
1377,1713,1
1377,1724,1
1377,1727,1
1377,1737,1
1377,1738,1
1377,1741,1
1377,1742,1
1377,1751,1
1377,1756,1
1377,1757,1
1377,1760,1
1377,1765,1
1377,1774,1
1377,1784,1
1377,1791,1
1377,1811,1
1377,1820,1
1377,1821,1
1377,1826,1
1377,1828,1
1377,1829,1
1377,1841,1
1377,1842,1
1377,1864,1
1377,1867,1
1377,1877,1
1377,1879,1
1377,1881,1
1377,1882,1
1377,1883,1
1377,1884,1
1377,1885,1
1377,1895,1
1377,1897,1
1377,1902,1
1377,1914,1
1377,1916,1
1377,1920,1
1377,1925,1
1377,1928,1
1377,1930,1
1377,1934,1
1377,1940,1
1377,1944,1
1377,1950,1
1377,1964,1
1377,1968,1
1377,1973,1
1377,1979,1
1377,1980,1
1377,1983,1
1377,1990,1
1377,1991,1
1377,1995,1
1379,633,1
1379,1964,1
1380,1882,1
1380,1914,1
1381,1883,1
1381,1885,1
1382,1214,1
1382,1727,1
1382,1774,1
1382,1864,1
1383,95,1
1383,467,1
1383,518,1
1383,1864,1
1384,562,1
1384,929,1
1384,1645,1
1385,1080,1
1386,1154,1
1386,1630,1
1386,1631,1
1386,1737,1
1386,1920,1
1386,1950,1
1387,1720,1
1388,667,1
1388,1711,1
1388,1737,1
1388,1879,1
1389,1737,1
1389,1809,1
1389,1879,1
1390,726,1
1390,1724,1
1390,1737,1
1390,1882,1
1390,1940,1
1392,518,1
1392,1864,1
1392,1952,1
1394,684,1
1394,929,1
1394,1559,1
1394,1704,1
1394,1983,1
1395,211,1
1395,885,1
1395,1559,1
1395,1742,1
1396,225,1
1396,342,1
1397,42,1
1397,597,1
1397,1646,1
1397,1721,1
1397,1737,1
1397,1956,1
1398,29,1
1398,222,1
1398,534,1
1398,1711,1
1398,1724,1
1398,1782,1
1398,1902,1
1398,1983,1
1399,33,1
1399,956,1
1399,1710,1
1400,87,1
1400,1774,1
1401,162,1
1401,1879,1
1402,929,1
1402,1718,1
1402,1940,1
1402,1950,1
1403,1675,1
1404,1472,1
1404,1623,1
1404,1742,1
1404,1920,1
1405,929,1
1405,1599,1
1405,1737,1
1406,1630,1
1406,1705,1
1407,1741,1
1407,1955,1
1408,1864,1
1408,1939,1
1409,579,1
1410,827,1
1410,1457,1
1410,1468,1
1410,1515,1
1410,1654,1
1410,1879,1
1410,1900,1
1410,1964,1
1411,676,1
1411,1185,1
1411,1599,1
1411,1607,1
1411,1940,1
1412,1523,1
1412,1737,1
1412,1895,1
1414,40,1
1414,1150,1
1414,1590,1
1415,1328,1
1416,466,1
1416,585,1
1416,597,1
1416,1675,1
1416,1776,1
1416,1855,1
1416,1921,1
1416,1986,1
1416,1991,1
1417,1653,1
1417,1704,1
1417,1724,1
1417,1791,1
1417,1940,1
1418,254,1
1418,579,1
1418,1737,1
1418,1774,1
1418,1864,1
1418,1890,1
1419,1630,1
1420,518,1
1420,1112,1
1421,1325,1
1422,1685,1
1423,484,1
1423,683,1
1423,698,1
1423,1355,1
1423,1677,1
1423,1855,1
1423,1934,1
1424,1511,1
1424,1737,1
1424,1864,1
1424,1914,1
1424,1958,1
1425,804,1
1425,1559,1
1425,1724,1
1425,1864,1
1425,1920,1
1426,537,1
1426,1068,1
1426,1831,1
1426,1948,1
1427,337,1
1427,1226,1
1427,1442,1
1427,1737,1
1427,1811,1
1427,1828,1
1427,1908,1
1428,10,1
1428,795,1
1429,1262,1
1429,1895,1
1430,932,1
1430,1321,1
1430,1742,1
1431,1940,1
1432,179,1
1432,467,1
1432,698,1
1432,1029,1
1432,1284,1
1432,1631,1
1432,1653,1
1432,1687,1
1432,1724,1
1432,1879,1
1432,1883,1
1432,1991,1
1433,1515,1
1433,1737,1
1433,1864,1
1433,1879,1
1433,1882,1
1433,1884,1
1433,1950,1
1434,770,1
1434,1130,1
1434,1828,1
1434,1920,1
1434,1999,1
1435,371,1
1435,1297,1
1435,1511,1
1435,1590,1
1435,1646,1
1435,1708,1
1435,1737,1
1435,1826,1
1435,1865,1
1436,1675,1
1436,1782,1
1437,1890,1
1438,1968,1
1439,134,1
1439,1506,1
1439,1511,1
1439,1630,1
1439,1864,1
1439,1991,1
1440,788,1
1440,1630,1
1440,1669,1
1440,1738,1
1440,1861,1
1440,1920,1
1440,1940,1
1440,1955,1
1441,1737,1
1442,612,1
1442,1239,1
1442,1620,1
1442,1647,1
1443,1630,1
1443,1728,1
1443,1864,1
1443,1882,1
1444,590,1
1444,1660,1
1444,1704,1
1445,668,1
1445,1671,1
1445,1940,1
1446,1882,1
1447,518,1
1447,958,1
1447,1679,1
1448,284,1
1448,1717,1
1448,1920,1
1448,1988,1
1449,8,1
1449,1921,1
1450,1936,1
1451,19,1
1451,1983,1
1452,159,1
1452,211,1
1452,1630,1
1452,1882,1
1452,1999,1
1454,222,1
1454,1995,1
1455,10,1
1455,798,1
1455,1737,1
1456,40,1
1456,439,1
1456,512,1
1456,1183,1
1456,1737,1
1456,1765,1
1456,1862,1
1456,1879,1
1456,1882,1
1456,1902,1
1456,1920,1
1456,1921,1
1456,1935,1
1457,786,1
1457,929,1
1457,1360,1
1457,1756,1
1458,1679,1
1458,1687,1
1458,1713,1
1458,1727,1
1458,1920,1
1460,415,1
1460,1737,1
1460,1864,1
1461,1032,1
1461,1880,1
1462,960,1
1462,1681,1
1463,279,1
1463,1024,1
1463,1177,1
1463,1647,1
1463,1895,1
1463,1934,1
1464,19,1
1464,33,1
1464,40,1
1464,47,1
1464,90,1
1464,98,1
1464,103,1
1464,183,1
1464,187,1
1464,200,1
1464,210,1
1464,211,1
1464,218,1
1464,222,1
1464,272,1
1464,284,1
1464,323,1
1464,350,1
1464,353,1
1464,366,1
1464,371,1
1464,385,1
1464,420,1
1464,476,1
1464,518,1
1464,614,1
1464,616,1
1464,624,1
1464,633,1
1464,675,1
1464,702,1
1464,710,1
1464,734,1
1464,765,1
1464,804,1
1464,849,1
1464,854,1
1464,870,1
1464,894,1
1464,895,1
1464,900,1
1464,930,1
1464,953,1
1464,956,1
1464,962,1
1464,979,1
1464,1009,1
1464,1024,1
1464,1044,1
1464,1053,1
1464,1063,1
1464,1123,1
1464,1158,1
1464,1159,1
1464,1183,1
1464,1211,1
1464,1226,1
1464,1271,1
1464,1275,1
1464,1311,1
1464,1319,1
1464,1325,1
1464,1350,1
1464,1374,1
1464,1380,1
1464,1383,1
1464,1411,1
1464,1439,1
1464,1460,1
1464,1468,1
1464,1490,1
1464,1507,1
1464,1511,1
1464,1548,1
1464,1559,1
1464,1580,1
1464,1599,1
1464,1609,1
1464,1611,1
1464,1630,1
1464,1633,1
1464,1642,1
1464,1644,1
1464,1645,1
1464,1675,1
1464,1679,1
1464,1687,1
1464,1689,1
1464,1695,1
1464,1713,1
1464,1717,1
1464,1720,1
1464,1721,1
1464,1724,1
1464,1737,1
1464,1738,1
1464,1742,1
1464,1756,1
1464,1765,1
1464,1774,1
1464,1779,1
1464,1785,1
1464,1805,1
1464,1809,1
1464,1821,1
1464,1832,1
1464,1855,1
1464,1861,1
1464,1864,1
1464,1870,1
1464,1879,1
1464,1880,1
1464,1882,1
1464,1883,1
1464,1884,1
1464,1890,1
1464,1894,1
1464,1897,1
1464,1914,1
1464,1916,1
1464,1920,1
1464,1921,1
1464,1936,1
1464,1948,1
1464,1955,1
1464,1959,1
1464,1971,1
1464,1979,1
1464,1983,1
1464,1991,1
1464,1993,1
1464,1994,1
1465,696,1
1465,1724,1
1465,1885,1
1466,10,1
1466,409,1
1466,1599,1
1466,1713,1
1467,187,1
1467,1549,1
1467,1630,1
1467,1879,1
1467,1883,1
1467,1940,1
1468,1384,1
1468,1724,1
1468,1864,1
1469,676,1
1469,915,1
1469,1718,1
1469,1821,1
1469,1934,1
1470,798,1
1470,1630,1
1470,1675,1
1470,1679,1
1470,1737,1
1471,77,1
1471,668,1
1471,1059,1
1471,1737,1
1471,1879,1
1471,1993,1
1472,597,1
1472,1713,1
1472,1737,1
1473,1725,1
1473,1831,1
1474,87,1
1474,1601,1
1474,1630,1
1474,1991,1
1475,1158,1
1475,1271,1
1475,1940,1
1476,874,1
1477,32,1
1477,1940,1
1478,966,1
1478,973,1
1478,1606,1
1478,1653,1
1478,1920,1
1479,135,1
1479,836,1
1479,1123,1
1479,1687,1
1479,1716,1
1479,1731,1
1479,1737,1
1479,1795,1
1479,1879,1
1480,442,1
1480,1425,1
1480,1692,1
1480,1737,1
1481,1646,1
1482,890,1
1482,1711,1
1482,1831,1
1482,1940,1
1482,1991,1
1483,1082,1
1483,1718,1
1483,1920,1
1484,138,1
1484,1654,1
1484,1879,1
1484,1883,1
1484,1894,1
1485,43,1
1485,222,1
1485,1115,1
1485,1630,1
1485,1687,1
1485,1774,1
1485,1864,1
1485,1883,1
1485,1916,1
1485,1920,1
1486,1511,1
1486,1630,1
1486,1925,1
1487,1611,1
1487,1791,1
1488,56,1
1489,316,1
1490,569,1
1490,1252,1
1490,1737,1
1491,556,1
1492,871,1
1492,1646,1
1492,1679,1
1492,1864,1
1492,1902,1
1493,683,1
1493,1737,1
1493,1913,1
1494,726,1
1494,1033,1
1494,1864,1
1495,27,1
1495,1189,1
1495,1240,1
1495,1297,1
1495,1704,1
1495,1879,1
1495,1980,1
1496,33,1
1496,1630,1
1496,1864,1
1496,1883,1
1496,1885,1
1496,1897,1
1496,1921,1
1496,1940,1
1497,1718,1
1498,78,1
1498,682,1
1498,1985,1
1499,725,1
1499,1425,1
1499,1724,1
1499,1867,1
1499,1920,1
1500,1630,1
1500,1964,1
1501,1527,1
1502,1725,1
1502,1737,1
1503,1737,1
1503,1883,1
1504,219,1
1504,499,1
1504,1275,1
1504,1607,1
1504,1631,1
1505,1642,1
1505,1646,1
1506,578,1
1506,1359,1
1506,1798,1
1506,1864,1
1506,1920,1
1507,1651,1
1507,1889,1
1508,1995,1
1510,1032,1
1510,1704,1
1510,1708,1
1510,1737,1
1510,1879,1
1511,676,1
1511,726,1
1511,979,1
1511,1704,1
1511,1879,1
1511,1991,1
1512,186,1
1513,235,1
1513,251,1
1513,1112,1
1513,1607,1
1513,1687,1
1513,1714,1
1513,1737,1
1513,1883,1
1514,1724,1
1514,1742,1
1514,1751,1
1514,1934,1
1514,1939,1
1515,33,1
1515,138,1
1515,222,1
1515,283,1
1515,439,1
1515,518,1
1515,579,1
1515,776,1
1515,1495,1
1515,1724,1
1515,1879,1
1516,136,1
1516,1776,1
1517,412,1
1517,1788,1
1518,886,1
1518,1867,1
1518,1994,1
1519,1921,1
1520,56,1
1520,77,1
1520,1159,1
1520,1523,1
1520,1756,1
1520,1867,1
1520,1882,1
1520,1884,1
1520,1920,1
1520,1925,1
1521,299,1
1521,1925,1
1522,547,1
1522,1718,1
1522,1737,1
1522,1774,1
1522,1864,1
1522,1986,1
1523,1341,1
1523,1654,1
1524,1630,1
1524,1718,1
1524,1879,1
1525,1532,1
1525,1749,1
1525,1860,1
1526,1737,1
1526,1747,1
1526,1841,1
1527,1376,1
1527,1698,1
1527,1724,1
1527,1737,1
1528,64,1
1528,734,1
1529,1328,1
1529,1375,1
1529,1864,1
1529,1908,1
1530,953,1
1530,1679,1
1530,1787,1
1530,1828,1
1530,1920,1
1532,322,1
1532,466,1
1532,1645,1
1532,1737,1
1532,1765,1
1532,1870,1
1532,1920,1
1533,68,1
1534,1480,1
1534,1879,1
1535,1864,1
1537,279,1
1537,1737,1
1537,1864,1
1538,1630,1
1538,1882,1
1538,1920,1
1539,1630,1
1539,1720,1
1539,1880,1
1540,1737,1
1540,1920,1
1541,1882,1
1542,710,1
1542,907,1
1542,1279,1
1543,1647,1
1543,1687,1
1543,1864,1
1543,1979,1
1544,40,1
1544,485,1
1544,547,1
1544,895,1
1544,1027,1
1544,1537,1
1544,1595,1
1544,1679,1
1544,1864,1
1544,1984,1
1546,929,1
1546,1630,1
1546,1724,1
1547,40,1
1547,854,1
1547,1515,1
1547,1725,1
1547,1742,1
1547,1940,1
1548,159,1
1548,1162,1
1548,1298,1
1548,1624,1
1548,1694,1
1548,1774,1
1548,1832,1
1548,1879,1
1548,1920,1
1548,1929,1
1548,1984,1
1549,247,1
1549,534,1
1549,601,1
1549,1717,1
1549,1883,1
1550,183,1
1550,1511,1
1550,1630,1
1550,1737,1
1550,1741,1
1551,1737,1
1551,1885,1
1552,742,1
1552,1879,1
1553,664,1
1553,1607,1
1553,1737,1
1553,1882,1
1554,329,1
1554,1737,1
1555,874,1
1556,1048,1
1556,1523,1
1556,1693,1
1556,1879,1
1557,823,1
1557,1737,1
1557,1745,1
1558,485,1
1558,1630,1
1558,1707,1
1558,1856,1
1558,1902,1
1559,19,1
1559,166,1
1559,786,1
1559,929,1
1559,1097,1
1559,1325,1
1559,1511,1
1559,1523,1
1559,1580,1
1559,1742,1
1559,1814,1
1559,1859,1
1559,1864,1
1559,1979,1
1560,1483,1
1560,1819,1
1562,1645,1
1562,1699,1
1562,1877,1
1562,1879,1
1562,1890,1
1562,1902,1
1562,1986,1
1562,1999,1
1563,1383,1
1563,1630,1
1563,1724,1
1563,1879,1
1564,910,1
1564,1038,1
1564,1653,1
1565,1238,1
1565,1617,1
1565,1630,1
1565,1651,1
1565,1847,1
1565,1920,1
1565,1956,1
1566,624,1
1566,743,1
1566,1590,1
1566,1630,1
1566,1897,1
1566,1991,1
1567,895,1
1567,1630,1
1567,1737,1
1568,1742,1
1568,1828,1
1568,1940,1
1569,1456,1
1569,1679,1
1569,1765,1
1569,1934,1
1570,19,1
1570,696,1
1570,1737,1
1571,1914,1
1572,27,1
1572,179,1
1573,42,1
1573,1374,1
1573,1776,1
1573,1979,1
1575,1771,1
1577,441,1
1577,1738,1
1577,1850,1
1578,43,1
1578,48,1
1578,333,1
1578,597,1
1578,1283,1
1578,1616,1
1578,1737,1
1578,1738,1
1578,1867,1
1578,1871,1
1578,1886,1
1579,1774,1
1579,1913,1
1580,38,1
1580,943,1
1580,1355,1
1580,1737,1
1580,1920,1
1580,1936,1
1581,1269,1
1582,1559,1
1582,1619,1
1583,383,1
1583,1226,1
1583,1948,1
1584,1159,1
1584,1560,1
1584,1895,1
1585,676,1
1585,895,1
1586,576,1
1586,1504,1
1586,1737,1
1586,1864,1
1586,1878,1
1586,1879,1
1587,33,1
1587,1737,1
1587,1768,1
1587,1864,1
1587,1882,1
1588,903,1
1588,1622,1
1589,447,1
1589,1024,1
1589,1406,1
1589,1737,1
1589,1749,1
1590,235,1
1590,1177,1
1590,1532,1
1590,1924,1
1591,1765,1
1591,1864,1
1592,275,1
1592,1714,1
1593,1033,1
1594,1828,1
1594,1879,1
1594,1881,1
1595,109,1
1595,163,1
1595,698,1
1595,983,1
1595,1737,1
1595,1879,1
1595,1908,1
1595,1991,1
1595,1995,1
1596,676,1
1596,1864,1
1597,907,1
1597,1677,1
1597,1718,1
1597,1828,1
1597,1920,1
1598,1318,1
1598,1645,1
1598,1759,1
1598,1920,1
1599,37,1
1599,147,1
1599,299,1
1599,713,1
1599,1044,1
1599,1342,1
1599,1613,1
1599,1693,1
1599,1774,1
1599,1832,1
1599,1925,1
1599,1950,1
1599,1995,1
1600,1737,1
1601,1630,1
1601,1737,1
1601,1742,1
1602,1713,1
1602,1724,1
1603,1756,1
1604,1713,1
1604,1765,1
1605,929,1
1605,1658,1
1605,1687,1
1605,1737,1
1605,1742,1
1606,1630,1
1606,1687,1
1606,1725,1
1606,1756,1
1607,188,1
1607,633,1
1607,734,1
1607,1630,1
1607,1645,1
1607,1737,1
1609,786,1
1609,1687,1
1610,1633,1
1610,1714,1
1610,1776,1
1611,614,1
1611,676,1
1611,1704,1
1611,1724,1
1611,1727,1
1612,1631,1
1612,1737,1
1613,1559,1
1614,518,1
1614,1630,1
1614,1692,1
1614,1737,1
1615,10,1
1615,1713,1
1615,1737,1
1616,317,1
1616,1123,1
1616,1351,1
1616,1687,1
1616,1704,1
1617,1737,1
1617,1774,1
1617,1795,1
1618,526,1
1618,1154,1
1618,1630,1
1619,371,1
1619,1737,1
1620,1201,1
1620,1630,1
1620,1649,1
1620,1704,1
1621,226,1
1621,547,1
1621,884,1
1621,1619,1
1621,1630,1
1621,1660,1
1621,1737,1
1621,1794,1
1622,1642,1
1622,1713,1
1622,1746,1
1622,1751,1
1623,231,1
1623,1226,1
1623,1405,1
1623,1480,1
1623,1601,1
1623,1617,1
1623,1670,1
1623,1675,1
1623,1716,1
1623,1725,1
1623,1737,1
1623,1787,1
1624,633,1
1624,1214,1
1624,1640,1
1624,1737,1
1624,1753,1
1625,177,1
1625,1721,1
1625,1777,1
1625,1797,1
1626,698,1
1626,1631,1
1626,1737,1
1627,1647,1
1628,1737,1
1628,1742,1
1629,1737,1
1630,1677,1
1630,1692,1
1630,1721,1
1630,1725,1
1630,1765,1
1631,344,1
1631,1679,1
1631,1720,1
1631,1737,1
1632,1645,1
1632,1721,1
1632,1737,1
1633,452,1
1633,895,1
1633,1647,1
1634,672,1
1634,1675,1
1634,1705,1
1634,1737,1
1636,817,1
1637,1737,1
1638,1630,1
1638,1675,1
1638,1718,1
1638,1737,1
1640,1233,1
1641,1630,1
1641,1737,1
1641,1740,1
1641,1741,1
1642,1630,1
1642,1647,1
1642,1737,1
1642,1765,1
1643,405,1
1643,1630,1
1644,487,1
1644,1721,1
1644,1724,1
1644,1756,1
1645,1630,1
1645,1667,1
1645,1717,1
1645,1737,1
1646,664,1
1646,1607,1
1646,1630,1
1647,1737,1
1647,1765,1
1648,1619,1
1648,1638,1
1648,1679,1
1648,1687,1
1648,1714,1
1648,1737,1
1649,579,1
1649,1698,1
1650,1713,1
1650,1724,1
1650,1737,1
1651,1670,1
1651,1765,1
1652,167,1
1652,782,1
1652,1630,1
1652,1687,1
1652,1724,1
1652,1727,1
1652,1729,1
1652,1737,1
1652,1751,1
1652,1797,1
1653,485,1
1653,1606,1
1653,1630,1
1653,1631,1
1653,1644,1
1654,1737,1
1654,1784,1
1655,1654,1
1655,1727,1
1655,1737,1
1655,1742,1
1656,33,1
1656,469,1
1656,1324,1
1656,1653,1
1656,1713,1
1656,1721,1
1656,1737,1
1656,1798,1
1657,1212,1
1657,1699,1
1657,1725,1
1657,1737,1
1657,1756,1
1658,329,1
1660,1630,1
1661,1742,1
1661,1757,1
1662,1737,1
1662,1784,1
1663,1645,1
1663,1708,1
1664,1710,1
1664,1737,1
1665,1266,1
1665,1640,1
1666,1645,1
1667,1254,1
1668,1721,1
1669,1692,1
1670,47,1
1670,682,1
1670,743,1
1670,1687,1
1670,1737,1
1670,1756,1
1671,1163,1
1671,1601,1
1671,1653,1
1671,1692,1
1673,92,1
1673,277,1
1673,1705,1
1673,1737,1
1674,733,1
1674,1630,1
1675,702,1
1675,1611,1
1675,1630,1
1675,1693,1
1675,1718,1
1675,1742,1
1675,1795,1
1676,321,1
1676,819,1
1676,1630,1
1676,1631,1
1676,1791,1
1677,979,1
1677,1737,1
1677,1742,1
1678,1705,1
1678,1724,1
1678,1738,1
1679,1630,1
1679,1687,1
1679,1724,1
1680,1630,1
1681,1630,1
1681,1645,1
1681,1724,1
1682,1402,1
1682,1559,1
1682,1630,1
1682,1724,1
1682,1737,1
1682,1774,1
1683,1276,1
1683,1654,1
1684,1630,1
1685,1607,1
1685,1679,1
1686,1630,1
1687,700,1
1687,979,1
1687,1679,1
1688,1275,1
1688,1737,1
1689,1490,1
1689,1704,1
1690,1607,1
1690,1630,1
1690,1631,1
1690,1642,1
1690,1718,1
1691,1721,1
1692,222,1
1692,1610,1
1692,1630,1
1692,1633,1
1692,1647,1
1692,1727,1
1692,1751,1
1692,1771,1
1692,1774,1
1693,1617,1
1693,1702,1
1693,1737,1
1694,756,1
1694,1679,1
1694,1683,1
1694,1699,1
1694,1717,1
1695,1609,1
1695,1645,1
1696,1631,1
1696,1687,1
1697,390,1
1697,441,1
1697,1646,1
1697,1731,1
1698,1630,1
1699,169,1
1699,211,1
1699,1711,1
1699,1737,1
1699,1756,1
1701,1193,1
1701,1631,1
1701,1737,1
1702,1645,1
1702,1647,1
1702,1653,1
1702,1675,1
1702,1737,1
1702,1784,1
1703,1675,1
1703,1704,1
1703,1724,1
1704,575,1
1704,1614,1
1704,1675,1
1704,1687,1
1704,1737,1
1705,466,1
1705,1633,1
1707,1515,1
1707,1630,1
1707,1665,1
1707,1705,1
1707,1721,1
1707,1724,1
1707,1737,1
1708,1630,1
1708,1640,1
1708,1679,1
1708,1710,1
1708,1737,1
1708,1756,1
1709,484,1
1709,647,1
1709,1630,1
1709,1675,1
1709,1713,1
1709,1737,1
1710,1502,1
1710,1687,1
1710,1702,1
1710,1737,1
1710,1742,1
1711,1645,1
1711,1687,1
1712,570,1
1712,1737,1
1713,518,1
1714,1630,1
1714,1648,1
1714,1713,1
1715,596,1
1715,1601,1
1715,1645,1
1715,1651,1
1715,1704,1
1715,1737,1
1716,1530,1
1716,1645,1
1716,1737,1
1716,1742,1
1717,1645,1
1717,1683,1
1717,1721,1
1717,1724,1
1717,1737,1
1717,1774,1
1718,1311,1
1718,1630,1
1718,1721,1
1718,1737,1
1718,1742,1
1718,1787,1
1719,115,1
1720,1630,1
1720,1642,1
1721,211,1
1721,676,1
1721,1630,1
1721,1675,1
1721,1699,1
1721,1737,1
1721,1749,1
1721,1791,1
1722,368,1
1722,1644,1
1722,1717,1
1722,1725,1
1722,1756,1
1723,350,1
1723,1630,1
1724,1630,1
1724,1737,1
1725,1631,1
1725,1645,1
1725,1737,1
1726,952,1
1726,1716,1
1726,1724,1
1727,633,1
1727,1604,1
1727,1737,1
1727,1774,1
1728,1675,1
1728,1737,1
1729,616,1
1729,1607,1
1729,1630,1
1729,1724,1
1729,1737,1
1730,1647,1
1730,1737,1
1731,284,1
1731,697,1
1731,793,1
1731,1132,1
1731,1550,1
1731,1595,1
1731,1609,1
1731,1630,1
1731,1631,1
1731,1642,1
1731,1675,1
1731,1692,1
1731,1705,1
1731,1713,1
1731,1718,1
1731,1725,1
1731,1737,1
1731,1742,1
1731,1756,1
1731,1772,1
1731,1787,1
1733,635,1
1733,1630,1
1733,1666,1
1733,1730,1
1733,1737,1
1734,1737,1
1736,101,1
1736,267,1
1736,468,1
1736,716,1
1736,789,1
1736,1480,1
1736,1548,1
1736,1724,1
1736,1737,1
1736,1740,1
1736,1742,1
1737,9,1
1737,1651,1
1737,1717,1
1737,1725,1
1737,1791,1
1738,1630,1
1738,1710,1
1738,1737,1
1738,1742,1
1739,1624,1
1739,1710,1
1739,1724,1
1739,1737,1
1740,888,1
1740,1737,1
1740,1784,1
1741,1630,1
1741,1737,1
1742,183,1
1742,1053,1
1742,1777,1
1743,1634,1
1744,786,1
1744,1369,1
1744,1617,1
1744,1760,1
1745,200,1
1745,1630,1
1746,1328,1
1746,1624,1
1746,1648,1
1746,1707,1
1746,1737,1
1746,1760,1
1747,1611,1
1747,1630,1
1747,1631,1
1747,1737,1
1748,1036,1
1748,1714,1
1748,1724,1
1748,1737,1
1749,1623,1
1749,1656,1
1749,1704,1
1749,1742,1
1749,1774,1
1750,589,1
1750,1607,1
1750,1624,1
1751,1563,1
1751,1737,1
1752,1731,1
1753,261,1
1753,1653,1
1754,485,1
1754,1223,1
1756,1630,1
1756,1670,1
1757,819,1
1757,1707,1
1757,1724,1
1757,1742,1
1758,1675,1
1758,1742,1
1759,33,1
1760,401,1
1760,1630,1
1760,1702,1
1760,1737,1
1760,1745,1
1761,461,1
1761,1015,1
1761,1679,1
1762,1631,1
1762,1714,1
1763,277,1
1763,1630,1
1764,1657,1
1764,1737,1
1765,306,1
1765,1630,1
1765,1679,1
1765,1713,1
1765,1724,1
1765,1737,1
1766,1590,1
1766,1630,1
1766,1720,1
1766,1737,1
1766,1749,1
1766,1756,1
1767,1630,1
1768,1679,1
1768,1721,1
1768,1733,1
1768,1756,1
1769,1630,1
1769,1675,1
1769,1705,1
1769,1724,1
1771,1646,1
1771,1678,1
1771,1737,1
1772,15,1
1772,1225,1
1772,1395,1
1772,1645,1
1772,1709,1
1772,1737,1
1773,1630,1
1773,1724,1
1773,1725,1
1773,1737,1
1773,1742,1
1773,1756,1
1774,895,1
1774,953,1
1774,1269,1
1774,1630,1
1775,1687,1
1775,1721,1
1776,188,1
1776,1630,1
1776,1640,1
1776,1675,1
1776,1705,1
1776,1737,1
1776,1738,1
1777,1630,1
1777,1646,1
1778,1742,1
1779,1647,1
1779,1737,1
1780,1679,1
1781,1367,1
1781,1607,1
1781,1647,1
1781,1679,1
1782,1720,1
1782,1724,1
1782,1725,1
1782,1756,1
1783,930,1
1783,1630,1
1784,1053,1
1784,1163,1
1784,1679,1
1784,1737,1
1785,1630,1
1786,124,1
1786,357,1
1786,1024,1
1786,1630,1
1786,1737,1
1787,383,1
1787,682,1
1787,1226,1
1787,1630,1
1787,1724,1
1787,1737,1
1787,1745,1
1788,1216,1
1788,1670,1
1788,1731,1
1788,1737,1
1790,698,1
1790,1675,1
1790,1737,1
1790,1774,1
1790,1787,1
1791,1713,1
1792,819,1
1792,1630,1
1792,1679,1
1792,1774,1
1793,485,1
1793,920,1
1793,1721,1
1793,1724,1
1794,40,1
1794,326,1
1794,1468,1
1794,1738,1
1795,174,1
1795,283,1
1795,576,1
1795,669,1
1795,1631,1
1795,1687,1
1795,1709,1
1795,1727,1
1795,1737,1
1796,1721,1
1797,466,1
1797,1514,1
1797,1711,1
1797,1738,1
1798,1638,1
1798,1704,1
1798,1713,1
1798,1718,1
1798,1724,1
1798,1737,1
1799,1702,1
1800,1831,1
1801,832,1
1801,1882,1
1803,27,1
1803,1279,1
1803,1864,1
1803,1879,1
1803,1941,1
1803,1965,1
1804,1890,1
1804,1950,1
1804,1955,1
1805,1940,1
1805,1964,1
1806,1861,1
1806,1884,1
1808,1154,1
1809,1328,1
1809,1879,1
1809,1920,1
1810,1832,1
1810,1990,1
1811,1814,1
1811,1879,1
1811,1883,1
1812,888,1
1813,1883,1
1814,1916,1
1815,823,1
1815,1864,1
1815,1879,1
1815,1920,1
1816,371,1
1816,1308,1
1816,1879,1
1816,1972,1
1817,625,1
1817,1873,1
1817,1878,1
1817,1920,1
1817,1921,1
1818,1864,1
1818,1879,1
1819,1890,1
1819,1920,1
1819,1964,1
1820,1377,1
1820,1864,1
1820,1885,1
1820,1911,1
1821,51,1
1821,211,1
1821,1870,1
1821,1879,1
1822,1831,1
1823,87,1
1823,596,1
1823,1846,1
1823,1879,1
1823,1883,1
1823,1914,1
1823,1940,1
1824,879,1
1824,1864,1
1824,1940,1
1824,1991,1
1825,434,1
1826,508,1
1826,1864,1
1826,1965,1
1827,247,1
1827,1879,1
1827,1882,1
1828,1597,1
1828,1855,1
1828,1864,1
1828,1879,1
1829,1920,1
1830,596,1
1830,950,1
1830,1870,1
1830,1882,1
1830,1920,1
1831,43,1
1831,1511,1
1831,1882,1
1831,1897,1
1831,1909,1
1831,1934,1
1831,1972,1
1832,1826,1
1832,1879,1
1832,1958,1
1833,1964,1
1834,1864,1
1835,1883,1
1835,1884,1
1835,1897,1
1836,879,1
1836,1864,1
1836,1879,1
1836,1925,1
1837,366,1
1837,1864,1
1837,1867,1
1837,1918,1
1837,1991,1
1838,1884,1
1838,1894,1
1838,1995,1
1839,1864,1
1839,1879,1
1839,1972,1
1841,1881,1
1841,1882,1
1842,891,1
1842,1390,1
1842,1407,1
1842,1523,1
1842,1927,1
1843,1326,1
1843,1828,1
1843,1920,1
1843,1936,1
1843,1983,1
1844,1480,1
1845,96,1
1845,1311,1
1845,1864,1
1846,518,1
1846,1864,1
1846,1897,1
1847,1897,1
1847,1914,1
1848,1879,1
1849,1856,1
1849,1864,1
1849,1883,1
1849,1964,1
1850,717,1
1850,1530,1
1850,1856,1
1850,1861,1
1850,1877,1
1850,1883,1
1851,37,1
1851,38,1
1852,1879,1
1852,1884,1
1852,1914,1
1852,1934,1
1853,1580,1
1853,1864,1
1853,1928,1
1853,1950,1
1853,1979,1
1854,1864,1
1854,1882,1
1854,1884,1
1855,1882,1
1855,1920,1
1855,1968,1
1856,1879,1
1856,1984,1
1856,1991,1
1857,1883,1
1857,1920,1
1858,1001,1
1858,1964,1
1859,38,1
1859,1831,1
1859,1864,1
1859,1948,1
1859,1985,1
1860,632,1
1860,1841,1
1860,1856,1
1860,1864,1
1860,1879,1
1860,1882,1
1860,1886,1
1860,1940,1
1860,1950,1
1861,442,1
1861,1814,1
1861,1864,1
1861,1894,1
1861,1983,1
1862,183,1
1862,309,1
1863,1883,1
1863,1940,1
1864,612,1
1864,1809,1
1864,1882,1
1864,1883,1
1864,1920,1
1864,1921,1
1864,1934,1
1864,1979,1
1865,1861,1
1865,1864,1
1865,1920,1
1866,1879,1
1866,1883,1
1866,1891,1
1866,1920,1
1867,411,1
1867,624,1
1867,1069,1
1867,1920,1
1867,1940,1
1867,1991,1
1868,461,1
1868,1879,1
1868,1883,1
1868,1983,1
1868,1990,1
1869,874,1
1869,1879,1
1869,1883,1
1869,1985,1
1870,87,1
1870,248,1
1870,782,1
1870,817,1
1870,1809,1
1870,1864,1
1870,1879,1
1870,1897,1
1870,1940,1
1870,1943,1
1870,1983,1
1871,929,1
1871,1350,1
1871,1864,1
1871,1878,1
1871,1883,1
1871,1920,1
1871,1929,1
1871,1950,1
1871,1970,1
1872,1823,1
1872,1920,1
1873,105,1
1873,1836,1
1873,1914,1
1873,1929,1
1873,1941,1
1874,405,1
1874,1377,1
1874,1511,1
1874,1883,1
1875,1861,1
1875,1864,1
1875,1878,1
1875,1879,1
1875,1882,1
1875,1883,1
1875,1940,1
1875,1979,1
1875,1995,1
1876,318,1
1876,835,1
1876,1879,1
1876,1940,1
1877,1599,1
1877,1836,1
1877,1879,1
1878,734,1
1878,1811,1
1878,1864,1
1878,1879,1
1878,1882,1
1878,1925,1
1879,676,1
1879,1853,1
1879,1955,1
1880,40,1
1880,1803,1
1880,1879,1
1880,1883,1
1880,1914,1
1880,1920,1
1880,1934,1
1881,1468,1
1881,1884,1
1881,1920,1
1881,1953,1
1882,40,1
1882,1811,1
1882,1861,1
1882,1879,1
1882,1881,1
1882,1914,1
1882,1920,1
1883,697,1
1883,734,1
1883,1877,1
1883,1902,1
1884,1179,1
1884,1879,1
1884,1986,1
1885,1856,1
1885,1861,1
1885,1879,1
1885,1884,1
1885,1964,1
1886,211,1
1886,345,1
1886,1879,1
1886,1882,1
1886,1890,1
1887,1928,1
1887,1955,1
1887,1983,1
1887,1991,1
1887,1994,1
1888,1471,1
1888,1548,1
1888,1878,1
1888,1879,1
1888,1905,1
1888,1925,1
1888,1950,1
1889,1864,1
1889,1879,1
1890,518,1
1890,684,1
1890,697,1
1890,1111,1
1890,1321,1
1890,1864,1
1890,1879,1
1890,1883,1
1890,1884,1
1890,1886,1
1890,1934,1
1890,1985,1
1890,1991,1
1891,768,1
1891,1566,1
1891,1831,1
1891,1864,1
1891,1879,1
1891,1882,1
1891,1883,1
1891,1920,1
1891,1924,1
1891,1964,1
1891,1991,1
1891,1994,1
1891,1995,1
1892,1934,1
1893,1831,1
1893,1878,1
1893,1879,1
1893,1883,1
1893,1890,1
1893,1897,1
1893,1920,1
1893,1934,1
1893,1995,1
1894,1882,1
1894,1920,1
1894,1984,1
1895,1859,1
1895,1882,1
1896,501,1
1896,1844,1
1896,1854,1
1896,1864,1
1896,1879,1
1896,1884,1
1897,1321,1
1897,1346,1
1897,1354,1
1897,1828,1
1897,1864,1
1897,1940,1
1897,1983,1
1899,1832,1
1899,1870,1
1900,299,1
1900,953,1
1900,1914,1
1901,1862,1
1901,1940,1
1901,1974,1
1902,1830,1
1902,1864,1
1902,1940,1
1903,167,1
1903,931,1
1903,1920,1
1903,1950,1
1905,600,1
1905,1879,1
1905,1925,1
1905,1991,1
1906,1855,1
1906,1864,1
1906,1991,1
1907,105,1
1907,1861,1
1907,1925,1
1908,786,1
1908,1964,1
1909,1823,1
1909,1948,1
1909,1950,1
1911,661,1
1911,1864,1
1911,1920,1
1912,1864,1
1913,1841,1
1913,1920,1
1913,1921,1
1913,1955,1
1914,177,1
1914,183,1
1914,1059,1
1914,1853,1
1914,1856,1
1914,1864,1
1914,1879,1
1914,1920,1
1914,1921,1
1914,1925,1
1914,1934,1
1915,136,1
1915,1828,1
1915,1864,1
1915,1883,1
1915,1920,1
1916,1823,1
1916,1882,1
1916,1936,1
1917,166,1
1917,1138,1
1917,1920,1
1917,1970,1
1917,1991,1
1918,910,1
1918,1214,1
1918,1330,1
1918,1920,1
1919,1925,1
1920,888,1
1920,1864,1
1920,1866,1
1921,246,1
1921,291,1
1921,347,1
1921,1803,1
1921,1811,1
1921,1831,1
1921,1879,1
1921,1913,1
1921,1928,1
1921,1929,1
1921,1986,1
1922,1814,1
1922,1864,1
1922,1878,1
1922,1928,1
1922,1940,1
1923,1885,1
1924,1879,1
1924,1883,1
1924,1914,1
1924,1920,1
1925,979,1
1925,1831,1
1925,1864,1
1925,1920,1
1925,1953,1
1926,1934,1
1927,1856,1
1927,1879,1
1927,1883,1
1928,1830,1
1928,1940,1
1928,1950,1
1929,177,1
1930,1390,1
1930,1883,1
1931,1328,1
1931,1864,1
1931,1916,1
1931,1920,1
1931,1940,1
1931,1951,1
1931,1964,1
1932,1882,1
1932,1956,1
1934,1828,1
1934,1836,1
1934,1883,1
1934,1884,1
1934,1940,1
1934,1947,1
1935,1864,1
1935,1879,1
1935,1920,1
1935,1940,1
1936,1864,1
1936,1930,1
1936,1964,1
1936,1986,1
1937,1882,1
1937,1883,1
1938,371,1
1938,769,1
1939,1879,1
1939,1884,1
1939,1995,1
1940,466,1
1940,1861,1
1940,1864,1
1940,1878,1
1940,1879,1
1940,1882,1
1940,1883,1
1940,1897,1
1940,1920,1
1940,1991,1
1941,1991,1
1942,517,1
1942,1396,1
1942,1828,1
1942,1864,1
1942,1874,1
1942,1879,1
1942,1882,1
1942,1883,1
1942,1920,1
1942,1980,1
1942,1987,1
1943,1012,1
1943,1163,1
1943,1841,1
1944,1568,1
1944,1894,1
1945,1831,1
1945,1879,1
1946,407,1
1946,1921,1
1946,1940,1
1946,1948,1
1947,1279,1
1947,1864,1
1947,1920,1
1948,920,1
1948,1883,1
1948,1885,1
1948,1991,1
1949,1067,1
1949,1882,1
1950,510,1
1950,929,1
1950,1523,1
1950,1920,1
1951,1864,1
1951,1920,1
1952,676,1
1952,1864,1
1952,1882,1
1953,1159,1
1953,1864,1
1953,1873,1
1953,1879,1
1953,1885,1
1953,1897,1
1955,15,1
1955,967,1
1955,1458,1
1955,1862,1
1955,1879,1
1956,1845,1
1956,1879,1
1956,1884,1
1957,1920,1
1957,1964,1
1957,1984,1
1958,48,1
1958,350,1
1958,1015,1
1958,1879,1
1958,1885,1
1958,1964,1
1959,1007,1
1959,1879,1
1959,1921,1
1960,664,1
1960,1866,1
1960,1920,1
1962,1864,1
1963,461,1
1964,108,1
1964,329,1
1964,660,1
1964,766,1
1964,1879,1
1964,1882,1
1964,1884,1
1964,1968,1
1964,1973,1
1964,1983,1
1964,1991,1
1964,1995,1
1965,1864,1
1965,1879,1
1965,1920,1
1965,1991,1
1966,1523,1
1966,1920,1
1966,1964,1
1967,1879,1
1967,1883,1
1967,1895,1
1968,100,1
1968,1537,1
1968,1847,1
1968,1864,1
1968,1882,1
1968,1915,1
1968,1925,1
1968,1983,1
1969,1864,1
1969,1991,1
1970,684,1
1970,1828,1
1970,1864,1
1970,1878,1
1970,1879,1
1971,91,1
1971,1879,1
1971,1950,1
1972,1238,1
1973,600,1
1973,664,1
1973,1883,1
1973,1920,1
1973,1936,1
1974,797,1
1974,1472,1
1974,1831,1
1974,1856,1
1974,1864,1
1974,1885,1
1974,1890,1
1974,1902,1
1974,1940,1
1974,1947,1
1974,1964,1
1974,1985,1
1975,442,1
1975,1864,1
1975,1884,1
1975,1934,1
1976,1920,1
1977,1871,1
1977,1940,1
1979,75,1
1979,1914,1
1979,1924,1
1979,1967,1
1980,115,1
1980,778,1
1980,891,1
1980,1503,1
1980,1882,1
1980,1920,1
1982,676,1
1982,1319,1
1982,1362,1
1982,1964,1
1983,625,1
1983,1349,1
1983,1831,1
1983,1920,1
1984,557,1
1984,1914,1
1985,1864,1
1985,1920,1
1985,1950,1
1986,222,1
1986,231,1
1986,1821,1
1987,1879,1
1987,1882,1
1987,1894,1
1988,1883,1
1988,1886,1
1990,597,1
1990,1192,1
1990,1883,1
1990,1920,1
1991,7,1
1991,277,1
1991,283,1
1991,350,1
1991,353,1
1991,366,1
1991,498,1
1991,544,1
1991,582,1
1991,585,1
1991,597,1
1991,600,1
1991,664,1
1991,676,1
1991,697,1
1991,698,1
1991,734,1
1991,806,1
1991,819,1
1991,833,1
1991,883,1
1991,886,1
1991,895,1
1991,929,1
1991,950,1
1991,958,1
1991,1015,1
1991,1036,1
1991,1037,1
1991,1147,1
1991,1268,1
1991,1326,1
1991,1567,1
1991,1809,1
1991,1811,1
1991,1816,1
1991,1821,1
1991,1825,1
1991,1828,1
1991,1836,1
1991,1841,1
1991,1853,1
1991,1855,1
1991,1857,1
1991,1861,1
1991,1864,1
1991,1870,1
1991,1875,1
1991,1876,1
1991,1879,1
1991,1881,1
1991,1882,1
1991,1883,1
1991,1886,1
1991,1890,1
1991,1894,1
1991,1895,1
1991,1902,1
1991,1909,1
1991,1912,1
1991,1914,1
1991,1916,1
1991,1920,1
1991,1925,1
1991,1929,1
1991,1931,1
1991,1934,1
1991,1937,1
1991,1939,1
1991,1940,1
1991,1948,1
1991,1950,1
1991,1952,1
1991,1956,1
1991,1964,1
1991,1968,1
1991,1970,1
1991,1972,1
1991,1979,1
1991,1980,1
1991,1983,1
1991,1986,1
1991,1995,1
1992,1864,1
1993,1882,1
1994,1123,1
1994,1820,1
1994,1855,1
1994,1879,1
1994,1936,1
1994,1940,1
1994,1943,1
1994,1984,1
1994,1991,1
1995,412,1
1995,614,1
1995,1153,1
1995,1864,1
1995,1902,1
1995,1921,1
1995,1959,1
1995,1964,1
1995,1971,1
1996,1920,1
1997,1920,1
1999,700,1
1999,950,1
1999,1831,1
1999,1880,1
1999,1882,1
1999,1883,1
1999,1889,1
1999,1940,1
